{"type": "FeatureCollection", "id": "http://www.semwebtech.org/mondial/MultiLineString_collection", "name": "MultiLineString Instances Collection", "features": [{"type": "Feature", "id": "http://www.semwebtech.org/mondial/rivers/Ural_geom", "name": "Ural Geometry (Ural_geom)", "dateprops": [], "properties": {"http://www.w3.org/2000/01/rdf-schema#label": "Ural Geometry", "http://rdfs.org/ns/void#inDataset.value": "64863"}, "geometry": {"type": "MultiLineString", "coordinates": [[[58.630871, 51.695088], [58.628494, 51.618813], [58.659293, 51.561039], [58.722545, 51.49634], [58.750812, 51.424846], [58.744094, 51.346556], [58.712623, 51.287361], [58.656503, 51.24726], [58.527105, 51.201268], [58.324637, 51.149333], [58.209295, 51.10639], [58.181183, 51.072438], [58.045171, 51.068873], [57.801258, 51.095796], [57.535693, 51.164526], [57.248475, 51.275165], [56.906429, 51.3533], [56.509657, 51.398982], [56.223731, 51.472259], [56.048755, 51.573131], [55.877086, 51.647545], [55.708724, 51.695553], [55.456181, 51.735189], [55.119458, 51.766453], [54.649616, 51.725809], [54.046552, 51.613206], [53.667195, 51.55998], [53.511442, 51.566129], [53.40566, 51.550807], [53.34985, 51.513962], [53.227377, 51.484971], [53.038344, 51.463732], [52.902642, 51.466936], [52.820477, 51.494583], [52.728131, 51.498149], [52.625708, 51.477633], [52.553723, 51.441796], [52.512072, 51.390559], [52.427942, 51.3826], [52.301335, 51.417792], [52.225061, 51.420893], [52.199222, 51.391928], [52.128219, 51.381929], [52.01205, 51.39092], [51.941357, 51.378053], [51.916139, 51.343326], [51.768758, 51.285604], [51.499213, 51.204885], [51.395292, 51.148403], [51.364235, 51.075281], [51.316434, 50.998283], [51.221039, 50.903767], [51.18254, 50.825994], [51.200834, 50.764964], [51.189207, 50.708481], [51.147555, 50.656598], [51.13598, 50.594845], [51.15448, 50.52317], [51.149674, 50.478366], [51.121459, 50.460331], [51.116033, 50.436302], [51.133293, 50.406174], [51.131381, 50.364885], [51.110193, 50.31233], [51.156082, 50.253005], [51.26884, 50.186808], [51.329095, 50.122161], [51.340567, 50.027438], [51.319638, 49.955272], [51.347078, 49.912587], [51.416014, 49.875302], [51.470895, 49.801767], [51.511926, 49.691954], [51.557711, 49.630718], [51.59373, 49.613845], [51.608406, 49.584622], [51.635743, 49.546382], [51.707366, 49.488013], [51.739095, 49.449023], [51.743695, 49.419774], [51.76049, 49.404478], [51.827772, 49.374351], [51.847823, 49.352285], [51.846996, 49.335749], [51.858571, 49.323346], [51.883893, 49.314148], [51.915726, 49.27508], [51.947765, 49.205627], [51.936293, 49.137518], [51.881412, 49.070778], [51.84958, 49.000524], [51.841001, 48.92673], [51.853869, 48.895052], [51.880327, 48.868594], [51.875986, 48.815393], [51.803588, 48.623079], [51.775579, 48.585639], [51.730104, 48.56024], [51.666955, 48.546908], [51.624994, 48.514636], [51.606339, 48.468721], [51.602515, 48.443038], [51.610473, 48.42428], [51.634916, 48.404539], [51.633262, 48.385781], [51.60236, 48.370407], [51.588665, 48.318188], [51.592076, 48.229149], [51.583549, 48.181194], [51.569442, 48.167448], [51.581999, 48.11944], [51.640394, 48.016398], [51.654036, 47.881858], [51.62303, 47.715796], [51.67357, 47.578595], [51.805551, 47.470126], [51.879242, 47.397366], [51.894642, 47.360262], [51.892058, 47.331323], [51.871594, 47.310498], [51.876865, 47.293444], [51.907871, 47.280112], [51.926784, 47.250139], [51.933606, 47.203605], [51.88379, 47.121207], [51.724213, 46.943853]], [[59.426275, 54.51998], [59.306799, 54.402959], [59.194093, 54.324643], [59.161743, 54.277824], [59.172182, 54.23638], [59.149806, 54.174756], [59.094719, 54.092952], [59.102264, 54.012156], [59.172647, 53.932367], [59.190424, 53.863457], [59.155697, 53.805398], [59.168513, 53.746229], [59.228974, 53.685948], [59.253572, 53.640447], [59.242513, 53.609803], [59.182104, 53.573268], [59.072446, 53.530893], [59.021338, 53.464385], [59.02878, 53.373797], [59.066917, 53.307212], [59.135647, 53.264708], [59.129652, 53.217165], [59.048934, 53.164559], [58.974003, 53.070714], [58.905066, 52.935581], [58.904136, 52.810834], [58.971419, 52.696525], [58.995655, 52.620251], [58.985682, 52.599735], [58.989919, 52.569453], [59.01028, 52.545837], [59.057925, 52.526768], [59.082523, 52.513229], [59.080353, 52.469821], [59.062163, 52.419953], [58.833753, 52.195781]]]}}, {"type": "Feature", "id": "http://www.semwebtech.org/mondial/rivers/Krishna_geom", "name": "Krishna Geometry (Krishna_geom)", "dateprops": [], "properties": {"http://www.w3.org/2000/01/rdf-schema#label": "Krishna Geometry", "http://rdfs.org/ns/void#inDataset.value": "64863"}, "geometry": {"type": "MultiLineString", "coordinates": [[[79.31333, 16.579376], [79.657185, 16.69017], [79.818415, 16.702934], [79.911536, 16.654617], [79.993081, 16.677871], [80.062948, 16.772672], [80.121497, 16.768176], [80.16873, 16.664332], [80.261902, 16.607359], [80.400912, 16.59723], [80.523592, 16.553202], [80.629838, 16.475325], [80.716552, 16.393212], [80.783834, 16.306964], [80.833754, 16.201285], [80.882743, 16.0137], [80.892458, 15.970963], [80.891631, 15.865957], [80.877575, 15.819655], [80.86476, 15.782215]], [[73.796457, 17.991822], [73.897691, 17.930663], [73.962028, 17.854311], [74.053702, 17.68644], [74.117988, 17.632748], [74.127393, 17.578746], [74.103312, 17.506529], [74.120985, 17.423226], [74.180206, 17.328839], [74.204288, 17.255278], [74.193125, 17.202568], [74.232193, 17.157299], [74.321593, 17.119446], [74.369497, 17.083299], [74.376008, 17.04883], [74.395697, 17.033793], [74.428563, 17.038082], [74.456727, 17.015758], [74.491919, 16.942248], [74.53667, 16.857731], [74.587313, 16.808225], [74.658833, 16.765592], [74.672269, 16.733139], [74.627518, 16.71097], [74.623435, 16.667174], [74.659919, 16.601778], [74.75428, 16.595654], [74.906519, 16.648777], [75.013334, 16.63423], [75.074829, 16.551962], [75.125988, 16.540076], [75.167019, 16.59847], [75.230685, 16.621156], [75.316984, 16.608082], [75.38313, 16.579815], [75.428916, 16.536304], [75.448811, 16.492224], [75.442713, 16.447549], [75.489946, 16.43047], [75.590508, 16.440961], [75.676963, 16.421944], [75.74931, 16.373368], [75.837986, 16.338228], [75.942889, 16.316575], [76.016477, 16.278748], [76.058541, 16.224772], [76.12417, 16.187591], [76.213261, 16.167231], [76.404877, 16.227356], [76.699019, 16.367916], [76.882057, 16.470003], [76.953991, 16.533668], [77.05724, 16.527932], [77.258985, 16.415355], [77.615707, 16.348822], [77.844996, 16.232239], [78.065654, 16.043517], [78.193088, 15.955977], [78.227298, 15.96962], [78.244351, 15.991944], [78.244351, 16.023002], [78.283263, 16.049718], [78.361088, 16.072198], [78.497772, 16.07119], [78.693419, 16.046773], [78.805144, 16.063619], [78.832946, 16.121704], [78.884467, 16.170641], [78.997173, 16.230302]]]}}, {"type": "Feature", "id": "http://www.semwebtech.org/mondial/rivers/Don_geom", "name": "Don Geometry (Don_geom)", "dateprops": [], "properties": {"http://www.w3.org/2000/01/rdf-schema#label": "Don Geometry", "http://rdfs.org/ns/void#inDataset.value": "64863"}, "geometry": {"type": "MultiLineString", "coordinates": [[[42.109709, 47.601772], [42.014728, 47.560327], [41.852981, 47.563893], [41.754744, 47.590093], [41.592738, 47.598671], [41.406806, 47.598671], [41.295289, 47.563893], [41.183926, 47.547331], [41.072821, 47.548984], [41.009208, 47.566864], [40.993085, 47.601022], [40.970244, 47.61004], [40.926009, 47.585907], [40.588458, 47.491443], [40.411622, 47.401396], [40.283051, 47.284349], [40.112363, 47.222493], [39.89956, 47.21593], [39.68934, 47.187172], [39.377886, 47.11082], [39.293447, 47.105756]], [[43.549104, 49.506643], [43.379192, 49.486644], [43.315734, 49.455922], [43.301988, 49.407811], [43.251913, 49.365463], [43.165407, 49.328876], [43.095489, 49.324018], [43.042055, 49.350812], [43.015907, 49.380035], [43.017044, 49.411661], [42.956634, 49.44215], [42.834781, 49.471503], [42.796851, 49.515634], [42.769876, 49.57253], [42.730963, 49.581522], [42.647092, 49.566561], [42.446484, 49.578524], [42.296726, 49.599479], [42.006253, 49.610254], [41.832568, 49.596508], [41.712937, 49.615757], [41.467061, 49.613019], [41.379521, 49.588033], [41.313634, 49.586767], [41.269502, 49.609194], [41.260975, 49.629684], [41.288054, 49.648184], [41.279269, 49.683066], [41.234517, 49.734303], [41.140363, 49.770296], [40.996599, 49.791121], [40.921048, 49.827269], [40.913606, 49.878765], [40.889577, 49.921759], [40.848959, 49.956202], [40.778007, 49.963824], [40.676618, 49.944549], [40.644372, 49.953385], [40.621221, 49.976536], [40.5959, 50.026559], [40.501539, 50.120404], [40.431569, 50.139162], [40.385887, 50.082886], [40.321808, 50.06511], [40.197991, 50.096322], [40.039655, 50.10335], [40.001414, 50.132548], [40.030456, 50.186239], [40.026529, 50.238381], [39.989632, 50.289024], [40.001931, 50.345635], [40.063632, 50.40819], [40.036347, 50.475369], [39.920282, 50.547096], [39.907001, 50.617376], [39.879406, 50.649829], [39.794347, 50.691867], [39.757191, 50.733441], [39.768043, 50.774627], [39.794088, 50.7969], [39.814242, 50.833125], [39.788507, 50.874156], [39.774658, 50.918727], [39.777862, 50.952187], [39.744789, 50.962109], [39.677403, 50.954565], [39.512865, 50.95968], [39.266162, 50.987017], [39.14312, 51.024147], [39.143844, 51.071121], [39.181567, 51.110524], [39.256292, 51.142408], [39.262079, 51.173259], [39.198931, 51.203128], [39.176762, 51.237571], [39.16007, 51.294182], [39.13108, 51.363997], [39.051808, 51.429574], [39.051653, 51.477091], [39.058939, 51.507115], [39.037235, 51.539671], [39.017701, 51.567654], [39.011914, 51.597213], [39.038165, 51.625893], [39.045813, 51.656744], [39.034961, 51.689817], [39.060335, 51.757151], [39.122036, 51.85867], [39.139968, 51.934091], [39.13294, 52.011735]], [[39.13294, 52.018556], [39.151647, 52.051604], [39.163791, 52.08416], [39.154386, 52.124881], [39.096456, 52.179348], [38.990003, 52.247664], [38.957653, 52.289367], [38.958067, 52.327194], [38.904943, 52.43773], [38.930678, 52.576223], [38.932745, 52.664589], [38.910938, 52.702882], [38.964371, 52.794142], [39.092942, 52.938371], [39.155367, 53.117843], [39.151543, 53.332611], [39.111649, 53.448572], [39.056045, 53.518594], [39.021319, 53.560917], [38.998064, 53.576213], [38.87125, 53.6182], [38.64098, 53.686827], [38.530961, 53.753722], [38.541193, 53.818886], [38.529256, 53.860873], [38.478096, 53.889011], [38.306117, 54.063755]]]}}, {"type": "Feature", "id": "http://www.semwebtech.org/mondial/rivers/Indigirka_geom", "name": "Indigirka Geometry (Indigirka_geom)", "dateprops": [], "properties": {"http://www.w3.org/2000/01/rdf-schema#label": "Indigirka Geometry", "http://rdfs.org/ns/void#inDataset.value": "64863"}, "geometry": {"type": "MultiLineString", "coordinates": [[[144.713472, 62.766298], [144.440776, 63.009126], [144.31608, 63.09062], [144.248591, 63.091756], [143.973827, 63.17847], [143.491893, 63.350785], [143.055072, 63.47008], [142.663261, 63.536329], [142.445704, 63.598961], [142.402192, 63.658027], [142.299821, 63.728513], [142.05782, 63.851478], [141.914987, 63.953513], [141.885118, 64.03697], [141.920774, 64.135879], [142.012138, 64.215409], [142.159209, 64.27556], [142.366432, 64.293311], [142.633806, 64.268636], [142.788732, 64.302923], [142.831416, 64.396095], [142.83953, 64.459012], [142.861802, 64.501024], [142.917096, 64.531643], [143.151397, 64.578823], [143.267462, 64.633006], [143.265292, 64.694191], [143.294644, 64.747521], [143.355519, 64.792996], [143.338414, 64.871493], [143.243433, 64.983011], [143.161319, 65.055022], [143.091969, 65.0875], [143.084941, 65.134216], [143.140131, 65.195116], [143.157495, 65.240308], [143.160905, 65.277049], [143.168657, 65.311673], [143.218473, 65.344022], [143.229893, 65.370713], [143.207776, 65.388619], [143.134344, 65.403579], [142.813846, 65.424198], [142.636906, 65.461483], [142.603317, 65.515433], [142.617579, 65.592224], [142.679694, 65.691856], [142.810746, 65.789008], [143.010734, 65.883731], [143.146901, 66.017108], [143.219145, 66.189138], [143.22271, 66.309235], [143.157598, 66.377344], [143.105922, 66.465762], [143.067578, 66.574438], [142.987221, 66.650196], [142.864748, 66.692932], [142.753798, 66.81277], [142.654476, 67.009657], [142.614996, 67.160294], [142.635459, 67.26468], [142.598614, 67.31447], [142.57412, 67.340825], [142.577892, 67.363434], [142.618303, 67.394905], [142.63639, 67.42498], [142.655096, 67.45193], [142.845214, 67.502934], [143.336657, 67.600448], [143.647077, 67.636621], [143.776475, 67.611455], [144.014703, 67.603884], [144.361866, 67.613858], [144.573532, 67.625562], [144.649703, 67.638972], [144.694662, 67.661193], [144.708304, 67.692199], [144.670684, 67.713903], [144.581956, 67.726228], [144.527437, 67.750025], [144.50718, 67.785217], [144.593893, 67.813768], [144.884521, 67.846531], [145.024668, 67.870922], [145.058774, 67.907948], [145.066629, 67.953837], [145.093087, 67.980295], [145.167191, 67.984739], [145.237988, 67.995281], [145.28212, 68.022877], [145.278709, 68.046958], [145.278296, 68.081762], [145.312505, 68.111192], [145.346457, 68.142068], [145.357671, 68.178733], [145.4233, 68.199868], [145.538538, 68.191962], [145.644371, 68.21842], [145.653156, 68.26697], [145.714858, 68.293429], [145.809012, 68.28839], [145.856038, 68.303738], [145.869267, 68.350712], [145.912675, 68.382648], [145.900583, 68.431172], [145.969106, 68.498248], [146.070754, 68.547082], [146.205629, 68.577649], [146.358126, 68.57752], [146.528348, 68.546772], [146.646067, 68.544705], [146.71149, 68.571422], [146.809313, 68.580827], [146.939641, 68.572972], [147.021755, 68.624339], [147.055551, 68.734926], [147.143608, 68.800633], [147.285822, 68.821458], [147.34618, 68.855436], [147.324579, 68.902565], [147.327163, 68.930263], [147.353724, 68.938583], [147.421886, 68.933777], [147.483226, 68.941658], [147.492011, 68.976927], [147.463278, 69.002869], [147.444313, 69.072063], [147.488393, 69.146529], [147.471082, 69.220685], [147.392172, 69.294634], [147.434133, 69.35184], [147.596914, 69.392354], [147.637531, 69.439948], [147.598102, 69.508212], [147.574693, 69.55684], [147.5749, 69.586295], [147.567665, 69.599163], [147.537796, 69.618826], [147.44452, 69.642442], [147.428552, 69.655749], [147.422764, 69.668151], [147.435166, 69.677246], [147.463175, 69.694558], [147.473665, 69.729594], [147.451031, 69.772796], [147.466172, 69.847158], [147.518986, 69.952785], [147.518676, 70.003841], [147.496248, 70.023426], [147.45253, 70.039291], [147.389691, 70.06668], [147.354965, 70.111328], [147.351657, 70.143574], [147.38473, 70.166725], [147.392998, 70.194837], [147.364887, 70.224603], [147.379046, 70.271938], [147.489323, 70.336327], [147.538158, 70.379735], [147.525394, 70.402163], [147.537899, 70.425056], [147.575675, 70.448517], [147.657272, 70.480763], [147.782845, 70.521846], [147.852815, 70.559983], [147.867388, 70.595226], [148.080398, 70.634965], [148.491846, 70.6792], [148.709197, 70.729895], [148.732452, 70.787049], [148.940501, 70.837485], [149.333345, 70.881281], [149.560618, 70.92549], [149.62232, 70.97019], [149.645678, 71.001713], [149.661801, 71.029928], [149.691463, 71.045535], [149.847939, 71.082638], [149.912845, 71.110699], [149.892691, 71.131317], [149.891761, 71.15235], [149.910054, 71.173899], [149.984262, 71.209349], [150.09764, 71.226557]], [[144.711818, 62.767978], [145.008958, 62.507374]]]}}, {"type": "Feature", "id": "http://www.semwebtech.org/mondial/rivers/Nizhnyaya+Tunguska_geom", "name": "Nizhnyaya+Tunguska Geometry (Nizhnyaya+Tunguska_geom)", "dateprops": [], "properties": {"http://www.w3.org/2000/01/rdf-schema#label": "Nizhnyaya+Tunguska Geometry", "http://rdfs.org/ns/void#inDataset.value": "64863"}, "geometry": {"type": "MultiLineString", "coordinates": [[[105.688671, 58.068291], [105.80856, 57.999716], [105.87698, 57.982301], [105.962246, 57.998631], [106.199234, 58.027518], [106.319433, 58.010671], [106.401909, 57.957651], [106.533942, 57.90768], [106.889941, 57.82629], [107.057321, 57.803966], [107.173438, 57.804637], [107.238447, 57.828305], [107.316943, 57.826755], [107.409031, 57.800038], [107.503547, 57.815799], [107.600389, 57.874039], [107.686688, 57.901634], [107.762446, 57.898533], [107.891844, 57.961139], [108.074882, 58.089452], [108.194564, 58.152006], [108.250892, 58.148854], [108.341532, 58.211383], [108.466692, 58.339695], [108.50638, 58.43478], [108.460595, 58.496636], [108.457701, 58.546866], [108.497698, 58.585417], [108.483849, 58.643604], [108.416256, 58.721429], [108.405507, 58.780831], [108.451603, 58.82181], [108.465762, 58.903175], [108.448089, 59.024873], [108.392433, 59.126055], [108.252132, 59.246978], [108.133896, 59.395109], [108.073848, 59.446036], [108.03261, 59.449136], [108.023102, 59.484845], [108.045323, 59.553109], [108.017831, 59.610393], [107.940626, 59.656643], [107.962537, 59.725812], [108.083563, 59.817899], [108.099273, 59.89345], [108.090695, 59.936032], [108.103614, 60.001635], [108.094002, 60.051425], [108.062066, 60.085377], [108.061549, 60.122868], [108.037881, 60.204956], [107.897218, 60.246245], [107.819083, 60.292212], [107.80327, 60.342906], [107.811073, 60.391043], [107.842338, 60.436673], [107.840942, 60.492949], [107.872413, 60.524161], [107.895461, 60.553927], [107.893291, 60.593046], [107.86585, 60.623793], [107.866626, 60.679087], [107.89081, 60.720583], [107.955819, 60.840369], [107.980469, 60.914112], [107.964811, 60.94181], [107.929671, 60.955556], [107.874997, 60.955349], [107.853706, 60.994727], [107.865902, 61.073688], [107.90869, 61.117303], [107.982071, 61.125546], [108.007392, 61.144795], [107.98481, 61.175129], [107.959023, 61.230552], [107.967188, 61.268845], [108.029303, 61.327497], [108.036279, 61.378838], [107.98822, 61.422918], [107.978143, 61.466894], [108.005945, 61.510819], [108.007702, 61.552264], [108.052816, 61.596887], [108.084907, 61.635385], [108.072091, 61.67391], [108.039948, 61.699568], [108.012973, 61.729204], [108.000261, 61.751735], [108.014317, 61.81509], [108.03354, 61.879272], [108.047803, 61.929347], [108.088524, 61.970998], [108.223038, 62.034198], [108.245362, 62.08466], [108.220506, 62.135174], [108.22464, 62.19083], [108.279417, 62.25589], [108.289752, 62.332733], [108.255749, 62.421358], [108.224537, 62.467505], [108.196218, 62.471123], [108.178958, 62.450659], [108.172653, 62.406114], [108.139684, 62.372524], [108.080101, 62.349941], [108.020931, 62.355264], [107.962124, 62.388389], [107.922178, 62.442468], [107.950135, 62.527476], [108.062479, 62.583467], [108.406541, 62.640518], [108.586685, 62.680722], [108.602705, 62.704028], [108.594953, 62.728652], [108.563224, 62.754568], [108.44473, 62.762526], [108.239316, 62.752552], [108.170276, 62.778907], [108.237456, 62.841488], [108.365613, 62.877558], [108.554852, 62.887014], [108.591956, 62.918976], [108.551648, 62.948096], [108.47124, 62.954762], [108.368662, 62.960834], [108.317451, 62.974244], [108.187846, 62.972746], [108.119272, 62.990161], [108.111727, 63.026437], [108.144025, 63.063645], [108.216062, 63.10173], [108.21849, 63.143045], [108.151208, 63.187513], [108.078292, 63.202964], [107.999744, 63.189347], [107.949308, 63.147567], [107.92688, 63.077597], [107.886883, 63.054394], [107.829109, 63.077959], [107.805234, 63.110722], [107.815259, 63.152683], [107.772058, 63.165809], [107.675733, 63.150177], [107.610517, 63.158781], [107.576307, 63.191595], [107.524631, 63.210147], [107.455281, 63.214385], [107.421588, 63.236476], [107.372496, 63.271978], [107.278341, 63.303837], [106.829376, 63.333964], [106.809222, 63.349519], [106.838678, 63.379594], [106.917846, 63.42432], [106.924668, 63.470855], [106.859142, 63.519172], [106.740699, 63.537621], [106.569237, 63.5262], [106.441183, 63.494833], [106.356537, 63.44357], [106.266103, 63.437084], [106.17231, 63.445249], [106.099395, 63.419695], [106.069629, 63.374633], [106.025808, 63.366985], [105.817965, 63.39241], [105.645883, 63.381067], [105.50956, 63.33293], [105.385175, 63.326678], [105.272624, 63.362231], [105.183172, 63.407913], [105.116716, 63.463775], [104.774515, 63.51726], [104.156568, 63.568368], [103.806512, 63.624902], [103.724553, 63.686966], [103.705123, 63.734095], [103.637168, 63.785358], [103.486635, 63.820317], [103.271454, 63.899433], [103.030125, 64.032474], [102.830757, 64.102961], [102.673558, 64.110816], [102.539302, 64.097742], [102.372697, 64.04653], [101.993651, 64.093659], [101.783896, 64.140452], [101.617188, 64.202619], [101.43167, 64.20156], [101.227548, 64.137222], [101.023012, 64.130401], [100.818064, 64.181044], [100.670786, 64.199983], [100.581179, 64.187219], [100.487334, 64.211223], [100.389356, 64.271995], [100.277838, 64.29406], [100.152678, 64.277472], [100.036509, 64.231997], [99.929229, 64.157738], [99.443057, 64.1319], [98.57789, 64.154586], [98.12443, 64.154017], [98.082572, 64.130143], [98.097093, 64.100687], [98.167889, 64.065599], [98.18856, 64.02958], [98.159001, 63.992683], [98.073322, 63.960489], [97.931625, 63.933049], [97.906407, 63.888788], [97.997667, 63.827732], [98.02981, 63.785254], [98.002835, 63.761328], [97.779851, 63.774712], [97.360962, 63.825458], [96.992716, 63.836827], [96.675061, 63.808819], [96.476416, 63.818095], [96.396628, 63.864603], [96.271158, 63.892224], [96.100109, 63.900906], [95.887202, 63.945348], [95.632437, 64.025498], [95.429349, 64.058984], [95.27773, 64.045755], [95.077742, 64.079396], [94.829179, 64.159934], [94.518913, 64.190656], [94.146946, 64.171587], [93.713794, 64.232359], [93.219664, 64.373022], [92.831161, 64.437928], [92.548284, 64.426972], [92.382454, 64.403589], [92.333569, 64.367777], [92.251868, 64.365529], [92.080096, 64.412451]], [[87.961174, 65.775985], [88.131706, 65.830039], [88.228031, 65.843837], [88.306889, 65.835413], [88.386058, 65.855412], [88.465536, 65.90373], [88.615553, 65.941505], [88.836211, 65.968687], [89.210917, 65.90435], [89.739773, 65.748442], [90.017638, 65.656122], [90.044613, 65.627338], [90.035053, 65.58238], [89.988957, 65.521272], [89.974488, 65.399264], [89.991748, 65.216433], [90.045698, 65.116207], [90.136545, 65.098559], [90.212458, 65.06559], [90.273539, 65.017272], [90.303512, 64.956449], [90.302323, 64.883172], [90.336533, 64.831082], [90.405986, 64.800154], [90.51368, 64.781757], [90.659717, 64.775917], [90.824255, 64.71804], [91.007396, 64.608124], [91.344585, 64.517716], [92.081439, 64.411263]]]}}, {"type": "Feature", "id": "http://www.semwebtech.org/mondial/rivers/Zambezi_geom", "name": "Zambezi Geometry (Zambezi_geom)", "dateprops": [], "properties": {"http://www.w3.org/2000/01/rdf-schema#label": "Zambezi Geometry", "http://rdfs.org/ns/void#inDataset.value": "64863"}, "geometry": {"type": "MultiLineString", "coordinates": [[[36.038917, -18.337227], [36.105218, -18.424353], [36.140254, -18.536078], [36.14537, -18.620414], [36.120462, -18.677464], [36.128937, -18.719632], [36.150228, -18.749656], [36.153432, -18.79477], [36.124958, -18.842364]], [[36.038917, -18.337227], [36.49801, -18.575765]], [[28.76055, -16.532117], [28.83269, -16.424113], [28.856771, -16.306188], [28.856771, -16.142322], [28.875581, -16.036178], [28.913099, -15.987809], [28.972992, -15.950086], [29.050558, -15.9012], [29.287856, -15.776504], [29.487275, -15.696768], [29.729586, -15.644626], [30.796394, -15.642042]], [[32.707492, -15.579979], [32.925153, -15.585767], [33.028041, -15.633567], [33.088709, -15.725293], [33.203379, -15.83495], [33.372155, -15.96254], [33.563667, -16.146663], [33.885095, -16.507519], [33.984159, -16.598625], [34.205489, -16.697172], [34.582107, -16.833598], [34.795065, -16.922533], [34.844364, -16.96408], [34.896919, -17.058545], [34.980635, -17.27972], [35.096132, -17.520532], [35.186824, -17.635667], [35.291211, -17.705482], [35.389086, -17.800257], [35.480346, -17.919991], [35.602251, -18.013215], [35.754696, -18.079981], [35.84637, -18.145921], [35.877273, -18.211033], [35.941455, -18.274802], [36.038917, -18.337227]], [[24.265527, -11.37915], [24.326815, -11.310679], [24.334102, -11.238952], [24.307747, -11.14118], [24.22646, -11.100666], [24.022234, -11.125936], [23.750416, -11.332331], [23.598798, -11.423075], [23.476738, -11.467052], [23.387338, -11.521209], [23.330494, -11.585597], [23.172984, -11.686108], [22.914808, -11.822741], [22.759624, -11.952087], [22.707431, -12.074043], [22.650225, -12.165872], [22.58811, -12.22747], [22.552815, -12.346275], [22.544443, -12.522388], [22.580875, -12.689923], [22.662007, -12.848879], [22.697561, -12.965048], [22.687329, -13.038325], [22.752648, -13.13248], [22.963901, -13.305182], [23.022967, -13.354998], [23.074023, -13.457731], [23.136759, -13.629917], [23.185851, -13.726345], [23.221301, -13.746809], [23.228278, -13.784636], [23.20678, -13.83993], [23.206677, -13.90928], [23.227968, -13.992789], [23.22466, -14.06648], [23.196652, -14.130558], [23.194585, -14.216341], [23.218356, -14.323932], [23.189262, -14.442736], [23.107303, -14.572754], [23.033768, -14.784265], [22.968552, -15.077219], [22.981781, -15.278085], [23.073352, -15.386812], [23.124718, -15.482], [23.13588, -15.563649], [23.127457, -15.625041], [23.099448, -15.666175], [23.120015, -15.737024], [23.189159, -15.837483], [23.246468, -16.013131], [23.292046, -16.26402], [23.491724, -16.548964], [23.845708, -16.867962], [24.076546, -17.14009], [24.238242, -17.478054], [24.732889, -17.517742], [24.932411, -17.543477], [25.001761, -17.568591], [25.092143, -17.634324], [25.259265, -17.794004], [25.451708, -17.845164], [25.557128, -17.849504], [25.639603, -17.82408], [25.741613, -17.858238], [25.863259, -17.951927], [25.995861, -17.969807], [26.139521, -17.911723], [26.333411, -17.929345], [26.577531, -18.022569], [26.779895, -18.041534], [27.020811, -17.958438]]]}}, {"type": "Feature", "id": "http://www.semwebtech.org/mondial/rivers/Congo_geom", "name": "Congo Geometry (Congo_geom)", "dateprops": [], "properties": {"http://www.w3.org/2000/01/rdf-schema#label": "Congo Geometry", "http://rdfs.org/ns/void#inDataset.value": "64863"}, "geometry": {"type": "MultiLineString", "coordinates": [[[26.930481, -5.610252], [27.002879, -5.378121], [27.013886, -5.28593], [26.987738, -5.256216], [26.958851, -5.122633], [26.927328, -4.885128], [26.878908, -4.73139], [26.813485, -4.661524], [26.652151, -4.550161], [26.394699, -4.397199], [26.199104, -4.250438], [26.065262, -4.109878], [26.01219, -3.958363], [26.039889, -3.795892], [26.0125, -3.649441], [25.930025, -3.51901], [25.904187, -3.362533], [25.934986, -3.180012], [25.948732, -3.022503], [25.945528, -2.890108], [25.926924, -2.804118], [25.876178, -2.744742]], [[25.876178, -2.752235], [25.788225, -2.456594], [25.784917, -2.112946], [25.837111, -1.622795], [25.817784, -1.286381], [25.681565, -1.012341], [25.534287, -0.815971], [25.464524, -0.682077], [25.423286, -0.545238], [25.443491, -0.385971], [25.525243, -0.204483], [25.553614, -0.035605], [25.528602, 0.120665], [25.489432, 0.23549], [25.409436, 0.345664], [25.255337, 0.459249], [25.136378, 0.507463], [24.9336, 0.538572], [24.790766, 0.576813], [24.690204, 0.627972], [24.584267, 0.704763], [24.471613, 0.752771], [24.292295, 0.78171]]]}}, {"type": "Feature", "id": "http://www.semwebtech.org/mondial/rivers/Irtysh_geom", "name": "Irtysh Geometry (Irtysh_geom)", "dateprops": [], "properties": {"http://www.w3.org/2000/01/rdf-schema#label": "Irtysh Geometry", "http://rdfs.org/ns/void#inDataset.value": "64863"}, "geometry": {"type": "MultiLineString", "coordinates": [[[74.993593, 53.985594], [74.918352, 54.002802], [74.903625, 54.027607], [74.924399, 54.06577], [74.871534, 54.127885], [74.745133, 54.213926], [74.66028, 54.291415], [74.617079, 54.360351], [74.558478, 54.399729], [74.484374, 54.409547], [74.399935, 54.448511], [74.304953, 54.516569], [74.125223, 54.58641], [73.728244, 54.693768]], [[73.72194, 54.693768], [73.538902, 54.805337], [73.434309, 54.845025], [73.347079, 54.849934], [73.317623, 54.888123], [73.346045, 54.95954], [73.307908, 55.008839], [73.203315, 55.036072], [73.157426, 55.097412], [73.170345, 55.19291], [73.127557, 55.24221], [73.029269, 55.24531], [72.993199, 55.266213], [73.019554, 55.304945], [73.162956, 55.389023], [73.423508, 55.51842], [73.661788, 55.618414], [73.877796, 55.688849], [74.081143, 55.729131], [74.271829, 55.739208], [74.468768, 55.833026], [74.671856, 56.010535], [74.709321, 56.058026], [74.709321, 56.091848], [74.675525, 56.125644], [74.669892, 56.148201], [74.689839, 56.162412], [74.698831, 56.203236], [74.681158, 56.263698], [74.698056, 56.286229], [74.729062, 56.289045], [74.737485, 56.317235], [74.721465, 56.337104], [74.740327, 56.370771], [74.74875, 56.396119], [74.734694, 56.41865], [74.705859, 56.42653], [74.678367, 56.477897], [74.680124, 56.563369], [74.65594, 56.606959], [74.60602, 56.608664], [74.590466, 56.627448], [74.609379, 56.66326], [74.594961, 56.693026], [74.576926, 56.717288], [74.584729, 56.73447], [74.596873, 56.757466], [74.551553, 56.844567], [74.510936, 56.892574], [74.455952, 56.922908], [74.386602, 56.935569], [74.366448, 56.949832], [74.333634, 56.988046], [74.181188, 57.016882], [74.117264, 57.053004], [74.141862, 57.096489], [74.119073, 57.133154], [74.048897, 57.163023], [73.965491, 57.174133], [73.868856, 57.166459], [73.769999, 57.17943], [73.66892, 57.213046], [73.635382, 57.238961], [73.633108, 57.258237], [73.599312, 57.272318], [73.504279, 57.265032], [73.441027, 57.278313], [73.435962, 57.305598], [73.371263, 57.326837], [73.24693, 57.341927], [73.180267, 57.362442], [73.171069, 57.38828], [73.113295, 57.408021], [73.006841, 57.421663], [72.948705, 57.440809], [72.903437, 57.458302], [72.866798, 57.447011], [72.779568, 57.442127], [72.625469, 57.471583], [72.529041, 57.50233], [72.492144, 57.520262], [72.449873, 57.53437], [72.413492, 57.528582], [72.388584, 57.535558], [72.334324, 57.565324], [72.230971, 57.579173], [71.950678, 57.580672], [71.855387, 57.607595], [71.820144, 57.630281], [71.750794, 57.642658], [71.60579, 57.634829], [71.527138, 57.645267], [71.514839, 57.673922], [71.472568, 57.698597], [71.400118, 57.719216], [71.312371, 57.721025], [71.209225, 57.704023], [71.107526, 57.710225], [71.007273, 57.739628], [70.963865, 57.763813], [70.920044, 57.765415], [70.873328, 57.760532], [70.7846, 57.776939], [70.683366, 57.821768], [70.615463, 57.820967], [70.596963, 57.822724], [70.569057, 57.850784], [70.526062, 57.858923], [70.467875, 57.84709], [70.425087, 57.861481], [70.397698, 57.902047], [70.395631, 57.927937], [70.373462, 57.956979], [70.294397, 57.977443], [70.22453, 57.97703], [70.175645, 57.954396], [70.136629, 57.958685], [70.10738, 57.989846], [70.053223, 58.008733], [69.974158, 58.01527], [69.877265, 58.001421], [69.762647, 57.967211], [69.648803, 57.960132], [69.535632, 57.980182], [69.479821, 57.999819], [69.426698, 58.017415], [69.315904, 57.995168], [69.239268, 58.000129], [69.19679, 58.032375], [69.140256, 58.032298], [69.069666, 57.999923], [68.999954, 57.999974], [68.931224, 58.032427], [68.870556, 58.036975], [68.818156, 58.013565], [68.729686, 58.03713], [68.605146, 58.107668], [68.463656, 58.149267], [68.225841, 58.168388]], [[68.861358, 61.124435], [69.010651, 61.019247], [69.160874, 60.975762], [69.361896, 60.958967], [69.515788, 60.885431], [69.622552, 60.755258], [69.724354, 60.682808], [69.801714, 60.667589], [69.830188, 60.650252], [69.836389, 60.621313], [69.816442, 60.603691], [69.782335, 60.567104], [69.769209, 60.511656], [69.801042, 60.463183], [69.803936, 60.419232], [69.777994, 60.379777], [69.784919, 60.354197], [69.82471, 60.342415], [69.854372, 60.310531], [69.873803, 60.258596], [69.862434, 60.239476], [69.820679, 60.236634], [69.769675, 60.206997], [69.729367, 60.170152], [69.720634, 60.125633], [69.737842, 60.095195], [69.781457, 60.077574], [69.854321, 60.057523], [69.888479, 60.005278], [69.865586, 59.943111], [69.865328, 59.90115], [69.888479, 59.866449], [69.871115, 59.834617], [69.820059, 59.838699], [69.777219, 59.816711], [69.757479, 59.76643], [69.698929, 59.744312], [69.601468, 59.75041], [69.498167, 59.727466], [69.334301, 59.649538], [69.284278, 59.576622], [69.222886, 59.555254], [69.133486, 59.561119], [69.07473, 59.536211], [69.046721, 59.480607], [68.99675, 59.452289], [68.924817, 59.451333], [68.910812, 59.42968], [68.929002, 59.401594], [68.905283, 59.354181], [68.830972, 59.292118], [68.799346, 59.240002], [68.810405, 59.197834], [68.842651, 59.172874], [68.88177, 59.160704], [68.88177, 59.137579], [68.861978, 59.119544], [68.854382, 59.084094], [68.873088, 59.056576], [68.855673, 59.02123], [68.812369, 59.013194], [68.800793, 59.001619], [68.82105, 58.966892], [68.812369, 58.935059], [68.762242, 58.925758], [68.748755, 58.900384], [68.749737, 58.877053], [68.736714, 58.85894], [68.696717, 58.853049], [68.689327, 58.827107], [68.705347, 58.787575], [68.67062, 58.764424], [68.627264, 58.770211], [68.568559, 58.753468], [68.555847, 58.678796], [68.564322, 58.607095], [68.566492, 58.561955], [68.549129, 58.521441], [68.468617, 58.512062], [68.399474, 58.499685], [68.354515, 58.469506], [68.330848, 58.430749], [68.328367, 58.383465], [68.283202, 58.355198], [68.239639, 58.342124], [68.219382, 58.327655], [68.215092, 58.290137], [68.232869, 58.246316], [68.222224, 58.166166]]]}}, {"type": "Feature", "id": "http://www.semwebtech.org/mondial/rivers/Songhua_geom", "name": "Songhua Geometry (Songhua_geom)", "dateprops": [], "properties": {"http://www.w3.org/2000/01/rdf-schema#label": "Songhua Geometry", "http://rdfs.org/ns/void#inDataset.value": "64863"}, "geometry": {"type": "MultiLineString", "coordinates": [[[124.674592, 45.450456], [124.814428, 45.445857], [124.87458, 45.466424], [124.901762, 45.510607], [124.946823, 45.522751], [125.009869, 45.502856], [125.051727, 45.466166], [125.072294, 45.412732], [125.155596, 45.389116], [125.30153, 45.395317], [125.393618, 45.420019], [125.431962, 45.46322], [125.548957, 45.48818], [125.744604, 45.494898], [125.887955, 45.549623], [125.978802, 45.652356], [126.107166, 45.701707], [126.272841, 45.697728], [126.415054, 45.710957], [126.533703, 45.741446], [126.63008, 45.796507], [126.704184, 45.876166], [126.801697, 45.942984], [126.92262, 45.997038], [127.083437, 45.997632], [127.284045, 45.944741], [127.416078, 45.922262], [127.479434, 45.930117], [127.527028, 45.960709], [127.558705, 46.014091], [127.640302, 46.01143], [127.771664, 45.952751], [127.910157, 45.92159], [128.055574, 45.917973], [128.186626, 45.931615], [128.303208, 45.962569], [128.418859, 45.959107], [128.533478, 45.921254], [128.647889, 45.919885], [128.761888, 45.955076], [128.859659, 45.948255], [128.941205, 45.899421], [129.036083, 45.899007], [129.1445, 45.946963], [129.246509, 46.041738], [129.342111, 46.183331], [129.431718, 46.276504], [129.51533, 46.321307], [129.577187, 46.381769], [129.617391, 46.457836], [129.702192, 46.524706], [129.831486, 46.582351], [129.915099, 46.648936], [129.953029, 46.724487], [130.002845, 46.763813], [130.064547, 46.766913], [130.103511, 46.784457], [130.119634, 46.816445], [130.178752, 46.832956], [130.331921, 46.834609]], [[132.561862, 47.768506], [132.41412, 47.566761], [132.30038, 47.480229], [132.142146, 47.400389], [132.044478, 47.333752], [132.007374, 47.280319], [131.704964, 47.237427], [131.137247, 47.205078], [130.80967, 47.150714], [130.722336, 47.074233], [130.645184, 47.027388], [130.578314, 47.010206], [130.53072, 46.970467], [130.502505, 46.908222], [130.448813, 46.867114], [130.330164, 46.837193]]]}}, {"type": "Feature", "id": "http://www.semwebtech.org/mondial/rivers/Yangtze_geom", "name": "Yangtze Geometry (Yangtze_geom)", "dateprops": [], "properties": {"http://www.w3.org/2000/01/rdf-schema#label": "Yangtze Geometry", "http://rdfs.org/ns/void#inDataset.value": "64863"}, "geometry": {"type": "MultiLineString", "coordinates": [[[113.1277, 29.462776], [113.166354, 29.484428], [113.209607, 29.537836], [113.530156, 29.831616], [113.696347, 29.949283], [113.760323, 29.938741], [113.859852, 29.972331], [113.994727, 30.050052], [114.011057, 30.124466], [113.908841, 30.195522], [113.885276, 30.246164], [113.940467, 30.276292], [113.989559, 30.278566], [114.032451, 30.252986], [114.11627, 30.328382], [114.288456, 30.572088], [114.303235, 30.593043], [114.395943, 30.664433], [114.472011, 30.661281], [114.557948, 30.6033], [114.66187, 30.582139], [114.783826, 30.597823], [114.840929, 30.564543], [114.833177, 30.482274], [114.885215, 30.423105], [114.997146, 30.387086], [115.057815, 30.335797], [115.067323, 30.26929], [115.101533, 30.229215], [115.160444, 30.215572], [115.251808, 30.127903], [115.375625, 29.966233], [115.504402, 29.87921], [115.638038, 29.866911], [115.750899, 29.82849], [115.842728, 29.763998], [115.982823, 29.74604], [116.171132, 29.774565], [116.211853, 29.785159]], [[116.19759, 29.751388], [116.211853, 29.785159]], [[116.211853, 29.785159], [116.327194, 29.815183], [116.451115, 29.86779], [116.543925, 29.931403], [116.605627, 30.006024], [116.682935, 30.06137], [116.775849, 30.097388], [116.846698, 30.167694], [116.895532, 30.272235], [116.913205, 30.349207], [116.899563, 30.39861], [116.971961, 30.445997], [117.130401, 30.491369], [117.212205, 30.552321], [117.217373, 30.628828], [117.246622, 30.673994], [117.326617, 30.694768], [117.604636, 30.776468], [117.724887, 30.886384], [117.779974, 31.051748], [117.843794, 31.124199], [117.916451, 31.103787], [117.968076, 31.129573], [117.998772, 31.20161], [118.089361, 31.255224], [118.239946, 31.290442], [118.31188, 31.34062], [118.30542, 31.405758], [118.33317, 31.50986], [118.395182, 31.652952], [118.514658, 31.841132], [118.691753, 32.074425], [118.961401, 32.203203], [119.323601, 32.227387], [119.530203, 32.228834], [119.643064, 32.235371], [119.770964, 32.206949], [119.866823, 32.100341], [119.941496, 32.039957], [120.073942, 31.960272]]]}}, {"type": "Feature", "id": "http://www.semwebtech.org/mondial/rivers/Loire_geom", "name": "Loire Geometry (Loire_geom)", "dateprops": [], "properties": {"http://www.w3.org/2000/01/rdf-schema#label": "Loire Geometry", "http://rdfs.org/ns/void#inDataset.value": "64863"}, "geometry": {"type": "MultiLineString", "coordinates": [[[3.083254, 46.985427], [3.021862, 47.149267], [2.915926, 47.287243], [2.892878, 47.363259], [2.917476, 47.423411], [2.882749, 47.498806], [2.788595, 47.58955], [2.614342, 47.691146], [2.359887, 47.803594], [2.145378, 47.871264], [1.970815, 47.894183], [1.84519, 47.892529], [1.768502, 47.866278], [1.608202, 47.764372], [1.364393, 47.586889], [1.158204, 47.473743], [0.989738, 47.425013], [0.815434, 47.395815], [0.63529, 47.386255], [0.427757, 47.340625], [0.207409, 47.244042], [0.075401, 47.218178], [-0.038313, 47.249028], [-0.216364, 47.364241], [-0.418031, 47.40243], [-0.731242, 47.370959], [-1.05639, 47.374602], [-1.248704, 47.336413], [-1.416575, 47.257581], [-1.559047, 47.216317], [-1.63253, 47.201615], [-1.742524, 47.215956]], [[3.083132, 46.98503], [3.168228, 46.976891], [3.248557, 46.951589], [3.328886, 46.846035], [3.489545, 46.829127], [3.625486, 46.740273], [3.724353, 46.638546], [3.749069, 46.557877], [3.860294, 46.506866], [3.983878, 46.460064], [3.990057, 46.379129], [4.03949, 46.238272], [4.101282, 46.165568], [4.101282, 46.062763], [4.033311, 45.976945], [4.051848, 45.925391], [4.156894, 45.852274], [4.212507, 45.744573], [4.218686, 45.628023], [4.255761, 45.476578], [4.200148, 45.368153], [4.132177, 45.307344], [4.082744, 45.237768], [3.952982, 45.198594], [3.909728, 45.115805], [3.922086, 45.037262], [3.903548, 44.971727], [3.928265, 44.871095], [4.070386, 44.809755], [4.169252, 44.774673], [4.200148, 44.822904]]]}}, {"type": "Feature", "id": "http://www.semwebtech.org/mondial/rivers/Colorado_geom", "name": "Colorado Geometry (Colorado_geom)", "dateprops": [], "properties": {"http://www.w3.org/2000/01/rdf-schema#label": "Colorado Geometry", "http://rdfs.org/ns/void#inDataset.value": "64863"}, "geometry": {"type": "MultiLineString", "coordinates": [[[-64.970292, -38.803678], [-64.596284, -38.841298], [-64.390302, -38.877678], [-64.227728, -38.925427], [-63.988957, -39.038495], [-63.674015, -39.216882], [-63.456405, -39.315688], [-63.33618, -39.334911], [-63.214353, -39.380077], [-63.090898, -39.450977], [-62.918376, -39.499087], [-62.696736, -39.524409], [-62.516618, -39.60828], [-62.308775, -39.821807], [-62.279371, -39.851986], [-62.253972, -39.880459]], [[-70.302008, -35.288078], [-70.223047, -35.59054], [-70.165634, -35.721799], [-70.072358, -35.813163], [-69.865317, -35.860136], [-69.762351, -35.963799], [-69.694448, -36.139809], [-69.67091, -36.25975], [-69.691684, -36.323726], [-69.693389, -36.406511], [-69.676077, -36.508314], [-69.694164, -36.596112], [-69.747649, -36.670009], [-69.784805, -36.779615], [-69.80563, -36.924826], [-69.796587, -37.019756], [-69.757778, -37.064249], [-69.699203, -37.10621], [-69.620887, -37.145691], [-69.463016, -37.1737], [-69.225511, -37.190236], [-69.076372, -37.239897], [-69.015601, -37.322579], [-68.870416, -37.383299], [-68.640869, -37.421953], [-68.501472, -37.465413], [-68.452276, -37.513731], [-68.272597, -37.557966], [-67.962513, -37.598067], [-67.783247, -37.658631], [-67.734852, -37.739608], [-67.750536, -37.820482], [-67.830324, -37.901407], [-67.866265, -37.968587], [-67.858359, -38.022227], [-67.824459, -38.055713], [-67.764566, -38.069252], [-67.689532, -38.122427], [-67.599305, -38.215341], [-67.45983, -38.252032], [-67.271108, -38.232446], [-67.15003, -38.26924], [-67.096648, -38.362464], [-66.993089, -38.435896], [-66.762534, -38.516305], [-66.653342, -38.563692], [-66.603216, -38.610046], [-66.575802, -38.671076], [-66.519578, -38.70973], [-66.434518, -38.72606], [-66.06821, -38.740219], [-65.892639, -38.7612], [-65.75735, -38.799027], [-65.658028, -38.807398], [-65.594776, -38.786418], [-65.514213, -38.791482], [-65.416441, -38.822798], [-65.270093, -38.829723], [-64.977734, -38.803678]], [[-114.720951, 32.724489], [-114.788001, 32.564808], [-114.839316, 32.504321], [-114.897297, 32.489826], [-114.959076, 32.41983], [-115.024627, 32.294308], [-115.093047, 32.212969], [-115.164309, 32.175711], [-115.198596, 32.124241], [-115.195909, 32.058457], [-115.186943, 32.043574], [-115.172887, 32.045228], [-115.15294, 32.036288], [-115.125655, 31.988203], [-115.092788, 31.964638], [-115.035195, 31.966085], [-115.009486, 31.946061], [-114.98109, 31.917664], [-114.933599, 31.90074]], [[-114.163517, 34.253362], [-114.329321, 34.142025], [-114.418282, 34.051152], [-114.509051, 33.903926], [-114.495099, 33.784656], [-114.499259, 33.685877], [-114.521557, 33.607613], [-114.556, 33.535628], [-114.602612, 33.469895], [-114.651162, 33.430621], [-114.701701, 33.417805], [-114.719426, 33.33086], [-114.704388, 33.169784], [-114.648087, 33.071754], [-114.550548, 33.036795], [-114.490861, 32.98362], [-114.469002, 32.912307], [-114.477529, 32.842001], [-114.516467, 32.772754], [-114.582174, 32.734721], [-114.720899, 32.724489]], [[-114.590984, 35.352778], [-114.610518, 34.997606], [-114.610932, 34.907404], [-114.557472, 34.794569], [-114.397999, 34.589698], [-114.378879, 34.540631]], [[-114.741363, 36.013513], [-114.73232, 35.98367], [-114.687103, 35.917343], [-114.683692, 35.813602], [-114.677077, 35.729809], [-114.650128, 35.683507], [-114.645167, 35.630539]], [[-112.876386, 36.280421], [-113.206289, 36.124204], [-113.295585, 36.047697], [-113.324834, 35.994702], [-113.323129, 35.835358], [-113.355556, 35.764045], [-113.422012, 35.762417], [-113.579237, 35.801329], [-113.635694, 35.830836]], [[-111.473449, 36.932139], [-111.590832, 36.849534], [-111.682764, 36.747706], [-111.788391, 36.599136], [-111.851953, 36.487954], [-111.873553, 36.41416], [-111.86482, 36.320006], [-111.825753, 36.205594], [-111.834434, 36.125857], [-111.890762, 36.080795], [-111.995019, 36.072837], [-112.147154, 36.101983], [-112.256166, 36.151437], [-112.322105, 36.221149], [-112.376598, 36.246108], [-112.419696, 36.226265], [-112.459306, 36.228745], [-112.495376, 36.253601], [-112.4992, 36.288121], [-112.470778, 36.332356], [-112.467419, 36.365946], [-112.489175, 36.388787], [-112.532583, 36.400647], [-112.597695, 36.401525], [-112.693038, 36.371579], [-112.881373, 36.280421]], [[-105.861362, 40.16468], [-105.985231, 40.127422], [-106.125791, 40.092695], [-106.284644, 40.09099], [-106.401123, 40.062103], [-106.4821, 40.018514], [-106.594806, 39.922654], [-106.638369, 39.894077], [-106.676196, 39.889891], [-106.726322, 39.920251], [-106.79314, 39.924437], [-106.876649, 39.902474], [-106.969408, 39.828112], [-107.071366, 39.701375], [-107.132034, 39.64373], [-107.235387, 39.602389], [-107.540795, 39.578902], [-107.733729, 39.579187], [-107.846719, 39.556759], [-107.944078, 39.511697], [-108.106083, 39.410179], [-108.242328, 39.314551], [-108.314029, 39.178307], [-108.433557, 39.099423], [-108.557864, 39.089862], [-108.801105, 39.183965], [-108.866864, 39.200502], [-108.952026, 39.198383], [-109.050625, 39.141022], [-109.195577, 39.032889], [-109.26472, 38.935143], [-109.30632, 38.811843], [-109.362854, 38.734173], [-109.434271, 38.702212], [-109.498737, 38.651207], [-109.556279, 38.581185], [-109.595656, 38.553771], [-109.614156, 38.561419], [-109.634517, 38.546175], [-109.64847, 38.485351], [-109.67038, 38.452847], [-109.700146, 38.448661], [-109.722987, 38.414296], [-109.738903, 38.349753], [-109.784534, 38.279369], [-109.897447, 38.165164], [-110.130921, 37.961766], [-110.248459, 37.894948], [-110.367573, 37.89792]], [[-105.845575, 40.404097], [-105.816404, 40.215298], [-105.820641, 40.184912]]]}}, {"type": "Feature", "id": "http://www.semwebtech.org/mondial/rivers/Vuoksi_geom", "name": "Vuoksi Geometry (Vuoksi_geom)", "dateprops": [], "properties": {"http://www.w3.org/2000/01/rdf-schema#label": "Vuoksi Geometry", "http://rdfs.org/ns/void#inDataset.value": "64863"}, "geometry": {"type": "MultiLineString", "coordinates": [[[30.477964, 60.574184], [30.504216, 60.587413], [30.510831, 60.616094], [30.533878, 60.630098]], [[28.787835, 61.204171], [28.822045, 61.12906], [29.094793, 60.95168], [29.288373, 60.848663], [29.596364, 60.716992]]]}}, {"type": "Feature", "id": "http://www.semwebtech.org/mondial/rivers/Niger_geom", "name": "Niger Geometry (Niger_geom)", "dateprops": [], "properties": {"http://www.w3.org/2000/01/rdf-schema#label": "Niger Geometry", "http://rdfs.org/ns/void#inDataset.value": "64863"}, "geometry": {"type": "MultiLineString", "coordinates": [[[6.265799, 4.991427], [6.223682, 4.919132], [6.131182, 4.844046], [6.077542, 4.709868], [6.055372, 4.419886], [6.07656, 4.290643]], [[6.265799, 4.991427], [6.270966, 4.432107]], [[6.454831, 5.3628], [6.373803, 5.345695], [6.302334, 5.316032], [6.240426, 5.273813], [6.209678, 5.235443], [6.210092, 5.200975], [6.170301, 5.163949], [6.090202, 5.124416], [5.992172, 5.130437], [5.876107, 5.18201], [5.737562, 5.191415], [5.475976, 5.153846]], [[6.454831, 5.3628], [6.393956, 5.300969], [6.348584, 5.256269], [6.330394, 5.220819], [6.333495, 5.195549], [6.357783, 5.180382], [6.353649, 5.153226], [6.320989, 5.114107], [6.291844, 5.094831], [6.266109, 5.095452], [6.257427, 5.060983], [6.265799, 4.991427]], [[6.556944, 5.542246], [6.60614, 5.385615], [6.587485, 5.301175], [6.522476, 5.235314], [6.474365, 5.156481], [6.443152, 5.064704], [6.460516, 5.002589], [6.526455, 4.970136], [6.57255, 4.907814], [6.598802, 4.815624], [6.642933, 4.729117], [6.708769, 4.607471], [6.715177, 4.500578], [6.710061, 4.451641], [6.710061, 4.424588], [6.715177, 4.342423]], [[-10.732078, 9.089911], [-10.664951, 9.153757], [-10.621749, 9.235044], [-10.580124, 9.355114], [-10.583405, 9.45286], [-10.655701, 9.56598], [-10.642006, 9.750387], [-10.684484, 9.915054], [-10.778561, 10.12145], [-10.815717, 10.247747], [-10.79595, 10.29392], [-10.746651, 10.321799], [-10.667793, 10.331411], [-10.633686, 10.358593], [-10.644228, 10.403267], [-10.613378, 10.425617], [-10.541031, 10.425617], [-10.480983, 10.451533], [-10.433208, 10.503364], [-10.363057, 10.524009], [-10.270556, 10.513467], [-10.21826, 10.490936], [-10.198623, 10.477552], [-10.17405, 10.471609], [-10.151184, 10.48241], [-10.053257, 10.568683], [-9.970006, 10.608397], [-9.901431, 10.601524], [-9.86593, 10.624778], [-9.848231, 10.642477], [-9.801386, 10.66245], [-9.658346, 10.678367], [-9.535459, 10.780634], [-9.432571, 10.969253], [-9.343378, 11.064803], [-9.267827, 11.067283], [-9.198684, 11.097101], [-9.135897, 11.154332], [-9.116518, 11.239469], [-9.140496, 11.352486], [-9.088897, 11.41858], [-8.961773, 11.4377], [-8.851883, 11.504931], [-8.759176, 11.620247], [-8.650965, 11.718872], [-8.5272, 11.80083], [-8.432684, 11.904881], [-8.367417, 12.030997], [-8.281427, 12.143652], [-8.174715, 12.242793], [-8.098079, 12.374723], [-8.051415, 12.53939], [-7.96434, 12.626516], [-7.836855, 12.636051], [-7.666374, 12.746664], [-7.452925, 12.958331], [-7.279059, 13.104007], [-7.077676, 13.223534], [-6.949209, 13.324768], [-6.787926, 13.361769], [-6.550912, 13.368228], [-6.367332, 13.409053], [-6.237159, 13.484294], [-6.146105, 13.571988], [-6.094119, 13.672241], [-6.021151, 13.710326], [-5.902451, 13.718698], [-5.785249, 13.745234], [-5.595364, 13.887111], [-5.435167, 13.961732], [-5.304684, 13.969173], [-5.214146, 14.008138], [-5.163555, 14.078624], [-4.996201, 14.154666], [-4.712136, 14.236289], [-4.548993, 14.266365], [-4.48693, 14.274323], [-4.41448, 14.313313], [-4.200539, 14.550714], [-4.116927, 14.77176], [-4.042099, 14.884828], [-3.948151, 14.963609], [-3.920763, 15.072569], [-3.979493, 15.281186], [-3.954146, 15.290281], [-3.913683, 15.306766], [-3.85224, 15.353585], [-3.820278, 15.395236], [-3.817849, 15.431746], [-3.853454, 15.455801], [-3.927119, 15.467428], [-3.922933, 15.503524], [-3.795577, 15.602872], [-3.786766, 15.619719], [-3.860922, 15.642146], [-3.849449, 15.659665], [-3.811932, 15.673566], [-3.748396, 15.683798], [-3.71385, 15.73196], [-3.708321, 15.818053], [-3.681914, 15.872236], [-3.634682, 15.894456], [-3.597527, 15.938872], [-3.570345, 16.005457], [-3.503114, 16.046669]], [[4.625692, 9.864514], [4.644141, 9.755167], [4.631118, 9.669488], [4.592774, 9.571018], [4.586418, 9.472549], [4.612153, 9.374002], [4.654373, 9.3123], [4.71318, 9.287444], [4.749612, 9.243415], [4.763772, 9.180319], [4.829607, 9.160707], [4.94712, 9.184659], [5.056829, 9.149571], [5.158631, 9.055417], [5.291646, 8.988651], [5.455874, 8.94917], [5.604082, 8.882559], [5.802365, 8.741844], [6.019871, 8.754453], [6.158725, 8.742464], [6.291327, 8.710166], [6.384603, 8.62844], [6.43845, 8.497337], [6.521184, 8.377241], [6.632701, 8.268126], [6.715901, 8.144361], [6.770678, 8.005894], [6.776, 7.793013], [6.709803, 7.36198], [6.664379, 6.973399], [6.659573, 6.743], [6.690579, 6.440357], [6.740912, 6.202283], [6.707322, 5.977542], [6.556324, 5.541342], [6.495087, 5.464266], [6.479843, 5.421788], [6.490178, 5.388147], [6.454831, 5.3628]], [[-4.303918, 15.507012], [-4.338257, 15.620571], [-4.316966, 15.682945], [-4.251544, 15.73196], [-4.207567, 15.792783], [-4.18514, 15.865414], [-4.137856, 15.892157], [-4.065715, 15.873037], [-3.961226, 15.924506], [-3.824438, 16.046566], [-3.689356, 16.112815], [-3.555953, 16.123254], [-3.467457, 16.161029]], [[-3.503114, 16.046669], [-3.467457, 16.161029]], [[-3.467457, 16.161029], [-3.423894, 16.226245], [-3.379142, 16.261385], [-3.333305, 16.266449], [-3.310413, 16.291667], [-3.310464, 16.337039], [-3.262767, 16.385718], [-3.221839, 16.408017]], [[-3.221839, 16.408017], [-3.188973, 16.300091], [-3.187216, 16.252884], [-3.206026, 16.225341], [-3.233802, 16.20728], [-3.270518, 16.198701], [-3.302196, 16.163406], [-3.328784, 16.101395], [-3.395756, 16.062482], [-3.503114, 16.046669]], [[-3.221839, 16.408017], [-3.167217, 16.437757], [-3.106394, 16.511266], [-3.080194, 16.606325], [-3.02751, 16.650198], [-2.948264, 16.64286], [-2.742902, 16.690041], [-2.411346, 16.79174], [-2.197406, 16.837086], [-2.101029, 16.826079], [-2.042893, 16.835045], [-2.022946, 16.863984], [-1.896597, 16.91504], [-1.66395, 16.988214], [-1.448459, 17.035472], [-1.250177, 17.056814], [-1.117885, 17.047952], [-1.051532, 17.008936], [-0.964509, 16.9955], [-0.856816, 17.007748], [-0.770361, 16.992581], [-0.705145, 16.950077], [-0.600552, 16.937597], [-0.45653, 16.955167], [-0.34602, 16.872821], [-0.268996, 16.690609], [-0.20285, 16.577386], [-0.147712, 16.533151], [-0.089395, 16.425871], [0.002796, 16.170254], [0.143511, 15.983107], [0.259421, 15.872106], [0.397423, 15.774903], [0.471269, 15.679147], [0.480881, 15.584785], [0.54775, 15.510449], [0.671877, 15.456163], [0.738849, 15.409706], [0.748668, 15.371103], [0.727325, 15.282582], [0.674926, 15.144192], [0.657459, 15.045852], [0.675029, 14.987587], [0.722054, 14.947718], [0.798536, 14.926221], [0.854966, 14.860721], [0.891346, 14.751167], [0.964985, 14.63027], [1.075883, 14.497978], [1.208278, 14.38119], [1.36217, 14.279878], [1.463405, 14.146165], [1.51198, 13.980077], [1.581123, 13.846933], [1.67073, 13.746706], [1.811704, 13.650537], [2.003837, 13.558372], [2.124553, 13.475689], [2.173852, 13.402438], [2.235554, 13.343424], [2.309658, 13.29862], [2.354616, 13.176044], [2.370326, 12.975668], [2.415388, 12.818184], [2.489699, 12.703514], [2.520601, 12.627343], [2.507992, 12.589619], [2.515227, 12.551947], [2.539773, 12.528564], [2.57052, 12.530114], [2.596669, 12.551637], [2.615117, 12.551637], [2.626279, 12.531018], [2.653099, 12.522337], [2.692012, 12.530114], [2.71816, 12.51934], [2.736453, 12.467973], [2.767821, 12.43211], [2.815053, 12.419371], [2.843682, 12.399424], [3.149555, 12.118072], [3.267377, 11.991878], [3.299106, 11.927128], [3.35993, 11.880464], [3.449847, 11.851938], [3.531702, 11.787446], [3.595419, 11.696289], [3.69469, 11.619963], [3.851373, 11.569914], [4.022318, 11.483976], [4.133112, 11.390649], [4.240703, 11.261303], [4.367517, 11.169577], [4.513348, 11.115498], [4.620111, 11.044727], [4.687704, 10.95729], [4.705171, 10.836962], [4.656181, 10.607208]]]}}, {"type": "Feature", "id": "http://www.semwebtech.org/mondial/rivers/Victoria+Nile_geom", "name": "Victoria+Nile Geometry (Victoria+Nile_geom)", "dateprops": [], "properties": {"http://www.w3.org/2000/01/rdf-schema#label": "Victoria+Nile Geometry", "http://rdfs.org/ns/void#inDataset.value": "64863"}, "geometry": {"type": "MultiLineString", "coordinates": [[[32.893114, 1.311445], [33.011246, 0.809408], [33.084782, 0.588543], [33.187256, 0.428191]], [[32.475362, 1.551637], [32.544712, 1.521845]], [[31.365765, 2.192864], [31.387366, 2.200228], [31.750651, 2.323631], [31.948366, 2.333295], [32.087272, 2.265495], [32.186697, 2.235988], [32.246642, 2.244773], [32.295321, 2.199427], [32.332631, 2.100001], [32.348858, 2.004684], [32.344, 1.913527], [32.282195, 1.829837], [32.163546, 1.753614], [32.104222, 1.698605], [32.104222, 1.664757], [32.138431, 1.652354], [32.240957, 1.665842]]]}}, {"type": "Feature", "id": "http://www.semwebtech.org/mondial/rivers/Rio+Grande_geom", "name": "Rio+Grande Geometry (Rio+Grande_geom)", "dateprops": [], "properties": {"http://www.w3.org/2000/01/rdf-schema#label": "Rio+Grande Geometry", "http://rdfs.org/ns/void#inDataset.value": "64863"}, "geometry": {"type": "MultiLineString", "coordinates": [[[-99.172081, 26.564141], [-99.107769, 26.446913], [-99.015269, 26.398957], [-98.87321, 26.381232], [-98.765232, 26.340408], [-98.691412, 26.276458], [-98.598291, 26.237856], [-98.485869, 26.224575], [-98.378124, 26.182356], [-98.275029, 26.111197], [-98.082793, 26.06443], [-97.801415, 26.042054], [-97.587242, 25.984202], [-97.440274, 25.890823], [-97.375627, 25.871806], [-97.35816, 25.870514], [-97.349737, 25.884777], [-97.338653, 25.911184], [-97.281783, 25.941621], [-97.146235, 25.961465]], [[-101.038633, 29.460295], [-101.016335, 29.400661], [-100.924144, 29.314697], [-100.754594, 29.182508], [-100.658631, 29.068536], [-100.636307, 28.972805], [-100.549697, 28.821342], [-100.398905, 28.614223], [-100.331726, 28.50255], [-100.348159, 28.486427], [-100.336273, 28.428136], [-100.296043, 28.327677], [-100.221267, 28.242617], [-100.111946, 28.172958], [-100.00141, 28.047849], [-99.889634, 27.867292], [-99.754267, 27.729936], [-99.595311, 27.635885], [-99.505316, 27.548345], [-99.484258, 27.467394], [-99.485834, 27.398044], [-99.51007, 27.340321], [-99.499813, 27.285518], [-99.455138, 27.233713], [-99.440256, 27.170125], [-99.457722, 27.081706], [-99.456534, 27.056669]], [[-106.566358, 31.819531], [-106.43603, 31.76447], [-106.346966, 31.678997], [-106.255705, 31.544664], [-106.148063, 31.450923], [-106.024091, 31.397774], [-105.812709, 31.241039], [-105.513993, 30.980771], [-105.275817, 30.807267], [-105.098153, 30.720554], [-104.978832, 30.645933], [-104.917854, 30.583353], [-104.835895, 30.447651], [-104.681331, 30.134362], [-104.681331, 29.990521], [-104.622213, 29.854276], [-104.503977, 29.677672], [-104.400625, 29.573751], [-104.312206, 29.542435], [-104.21552, 29.479906], [-104.110616, 29.386114], [-103.989745, 29.323172], [-103.852906, 29.291081], [-103.663977, 29.2069], [-103.422932, 29.070681], [-103.257697, 29.001124], [-103.168297, 28.998179], [-103.090007, 29.041871], [-103.022828, 29.132201], [-102.956811, 29.190363], [-102.892009, 29.216382], [-102.865679, 29.258034], [-102.877823, 29.315317], [-102.834002, 29.443965], [-102.734189, 29.643953], [-102.614945, 29.752344], [-102.476246, 29.769088], [-102.385657, 29.806656], [-102.343076, 29.864973], [-102.26892, 29.871174], [-102.163087, 29.82526], [-101.990901, 29.795701], [-101.752337, 29.782472], [-101.611596, 29.786968], [-101.568704, 29.80924], [-101.54638, 29.808078], [-101.544623, 29.783531], [-101.509302, 29.773118], [-101.440392, 29.776839], [-101.380344, 29.742552], [-101.303527, 29.634083]], [[-107.293445, 32.910343], [-107.2404, 32.74286], [-107.171644, 32.674414], [-107.069506, 32.649144], [-106.975351, 32.583851], [-106.889155, 32.478535], [-106.846418, 32.399315], [-106.84709, 32.346295], [-106.777172, 32.194728], [-106.56628, 31.819531]], [[-107.181411, 33.173195], [-107.279803, 33.115783]], [[-107.426564, 37.775963], [-107.066948, 37.74395], [-106.924346, 37.808855], [-106.813914, 37.792215], [-106.688134, 37.715631], [-106.541553, 37.677701], [-106.374199, 37.678424], [-106.195967, 37.647289], [-106.006831, 37.584295], [-105.878596, 37.524945], [-105.811236, 37.469238], [-105.763461, 37.406038], [-105.735246, 37.335318], [-105.731603, 37.239536], [-105.75248, 37.118717], [-105.74292, 36.979733], [-105.702819, 36.822585], [-105.694809, 36.650683], [-105.718942, 36.464028], [-105.760697, 36.338919], [-105.849864, 36.24355], [-106.006263, 36.133273], [-106.072616, 36.048033], [-106.101038, 35.951088], [-106.166098, 35.855228], [-106.267694, 35.760376], [-106.343193, 35.648315], [-106.392493, 35.519073], [-106.487319, 35.375722], [-106.627595, 35.218316], [-106.692423, 35.089383], [-106.681777, 34.98895], [-106.716271, 34.780875], [-106.795853, 34.465183], [-106.849855, 34.294651], [-106.878277, 34.269278], [-106.886364, 34.147063], [-106.874169, 33.927904], [-106.928016, 33.748845], [-107.047905, 33.609835], [-107.123404, 33.494235], [-107.169939, 33.356]]]}}, {"type": "Feature", "id": "http://www.semwebtech.org/mondial/rivers/Shire_geom", "name": "Shire Geometry (Shire_geom)", "dateprops": [], "properties": {"http://www.w3.org/2000/01/rdf-schema#label": "Shire Geometry", "http://rdfs.org/ns/void#inDataset.value": "64863"}, "geometry": {"type": "MultiLineString", "coordinates": [[[35.277775, -14.757549], [35.293381, -14.920588], [35.250748, -15.056807], [35.107346, -15.302632], [34.960068, -15.37193], [34.874492, -15.44469], [34.801525, -15.54396], [34.757806, -15.624007], [34.743337, -15.684779], [34.750882, -15.784101], [34.795324, -15.990858], [34.889478, -16.130075], [34.925238, -16.225211], [34.93392, -16.322621], [34.975158, -16.392281], [35.049055, -16.434087], [35.133908, -16.516459], [35.229819, -16.639242], [35.281185, -16.807811], [35.291417, -17.129238], [35.291211, -17.705482]], [[35.257311, -14.504334], [35.236227, -14.401291]]]}}, {"type": "Feature", "id": "http://www.semwebtech.org/mondial/rivers/Nile_geom", "name": "Nile Geometry (Nile_geom)", "dateprops": [], "properties": {"http://www.w3.org/2000/01/rdf-schema#label": "Nile Geometry", "http://rdfs.org/ns/void#inDataset.value": "64863"}, "geometry": {"type": "MultiLineString", "coordinates": [[[32.490141, 15.63455], [32.53541, 16.040417], [32.628531, 16.256476], [32.784594, 16.41812], [32.928667, 16.507959], [33.060649, 16.525994], [33.164674, 16.566173], [33.240638, 16.628443], [33.358667, 16.685881], [33.518761, 16.738436], [33.634567, 16.824503], [33.705984, 16.944082], [33.731771, 17.028883], [33.711824, 17.078906], [33.714563, 17.151331], [33.740091, 17.246131], [33.810216, 17.378888], [33.925041, 17.549575], [33.951861, 17.698507], [33.968811, 17.792351], [33.941629, 18.107267], [33.900391, 18.278058], [33.845097, 18.304723], [33.784429, 18.363789], [33.71818, 18.45523], [33.681903, 18.554578], [33.675392, 18.661859], [33.644954, 18.723922], [33.590488, 18.740769], [33.566768, 18.847274], [33.573693, 19.043386], [33.539069, 19.173352], [33.462898, 19.237198], [33.413496, 19.307607], [33.379699, 19.42313], [33.138267, 19.502686], [33.017964, 19.510773], [32.938486, 19.473902], [32.838234, 19.3829], [32.717207, 19.237689], [32.619746, 19.160691], [32.545642, 19.151906], [32.46761, 19.08297], [32.385445, 18.953882], [32.306328, 18.889933], [32.230157, 18.891147], [32.153211, 18.864999], [32.075593, 18.811539], [32.039213, 18.743404], [32.04407, 18.660618], [32.004641, 18.606255], [31.920822, 18.58021], [31.799951, 18.45244], [31.642028, 18.222919], [31.474131, 18.077243], [31.296261, 18.015335], [31.145882, 18.001744], [31.022996, 18.03647], [30.910599, 18.087113], [30.808693, 18.153569], [30.743995, 18.256974], [30.716503, 18.397327], [30.673818, 18.499026], [30.615837, 18.561968], [30.561525, 18.660205], [30.510779, 18.793737], [30.486233, 18.987989], [30.487886, 19.243063], [30.457914, 19.471112], [30.396419, 19.672185], [30.349962, 19.786389], [30.34774, 19.821762], [30.369806, 19.856928], [30.499772, 19.914134], [30.575013, 19.967283], [30.59434, 20.015833], [30.599662, 20.098128], [30.591084, 20.214193], [30.570879, 20.29101], [30.539149, 20.328527], [30.48954, 20.350954], [30.42205, 20.358241], [30.365981, 20.416945], [30.32123, 20.527016], [30.31663, 20.615796], [30.352287, 20.683389], [30.362674, 20.734755], [30.369754, 20.774262], [30.397142, 20.805009], [30.510417, 20.840227], [30.576253, 20.900275], [30.594753, 20.985154], [30.631547, 21.043832], [30.68684, 21.076233], [30.709165, 21.120623], [30.698623, 21.176951], [30.763115, 21.249065], [30.902745, 21.336992], [30.969872, 21.399133], [30.964601, 21.435514], [30.994109, 21.49259], [31.09064, 21.609198]], [[32.879471, 23.987683], [32.913061, 24.328438], [32.912648, 24.453986], [32.889393, 24.477912], [32.891874, 24.539562], [32.919882, 24.638936], [32.920968, 24.77022], [32.895026, 24.933414], [32.870583, 25.037464], [32.847639, 25.082423], [32.767024, 25.149473], [32.628737, 25.238589], [32.540371, 25.349822], [32.502027, 25.483148], [32.492932, 25.565365], [32.523214, 25.612003], [32.704133, 25.754268], [32.764026, 25.87917], [32.763199, 26.034173], [32.734364, 26.128845], [32.677623, 26.163261], [32.553393, 26.142797], [32.361674, 26.067427], [32.228658, 26.076884], [32.154244, 26.171168], [32.093938, 26.189384], [32.04128, 26.190004], [32.015235, 26.200107], [31.996941, 26.246719], [31.965522, 26.297413], [31.871368, 26.37467], [31.82026, 26.445311], [31.812301, 26.509287], [31.782174, 26.541894], [31.729981, 26.543083], [31.706468, 26.564167], [31.711739, 26.605095], [31.694686, 26.631656], [31.655308, 26.643749], [31.552627, 26.761984], [31.369176, 27.009902], [31.340651, 27.057108], [31.303547, 27.098553], [31.278432, 27.122686], [31.244946, 27.143641], [30.969304, 27.35554], [30.868276, 27.500311], [30.88905, 27.618547], [30.883934, 27.767659], [30.877475, 27.901708], [30.863005, 27.985217], [30.837426, 28.037669], [30.80735, 28.085418], [30.773967, 28.119938], [30.744253, 28.165465], [30.740015, 28.229905], [30.762185, 28.308557], [30.810864, 28.401367], [30.83572, 28.492499], [30.836857, 28.581977], [30.857889, 28.681609], [30.898714, 28.791473], [30.994625, 28.94304], [31.14552, 29.136413], [31.219108, 29.281986], [31.215387, 29.379757], [31.236058, 29.488691], [31.281016, 29.608787], [31.286907, 29.782601], [31.255385, 29.998996], [31.253834, 30.080154], [31.237608, 30.120694]]]}}, {"type": "Feature", "id": "http://www.semwebtech.org/mondial/rivers/Vilyuy_geom", "name": "Vilyuy Geometry (Vilyuy_geom)", "dateprops": [], "properties": {"http://www.w3.org/2000/01/rdf-schema#label": "Vilyuy Geometry", "http://rdfs.org/ns/void#inDataset.value": "64863"}, "geometry": {"type": "MultiLineString", "coordinates": [[[126.423477, 64.402891], [126.420945, 64.284759], [126.309944, 64.180217], [126.093782, 64.057331], [125.808373, 63.964106], [125.453562, 63.900648], [125.115082, 63.893878], [124.792931, 63.943746], [124.620797, 63.986017], [124.598783, 64.020692], [124.34469, 64.051388], [123.615535, 64.091489], [123.224965, 63.944056], [123.035415, 63.906797], [122.916766, 63.930568], [122.606915, 63.925349], [122.10586, 63.891139], [121.795181, 63.851865], [121.674775, 63.807527], [121.503054, 63.788562], [121.279915, 63.794969], [121.140647, 63.777374], [121.08525, 63.735774], [121.023239, 63.725516], [120.954612, 63.7466], [120.868829, 63.729444], [120.76589, 63.674047], [120.65799, 63.64826], [120.545283, 63.651981], [120.482393, 63.610691], [120.469267, 63.524443], [120.329327, 63.508785], [120.062574, 63.563717], [119.67376, 63.565991], [119.162887, 63.515555], [118.891069, 63.480518], [118.858099, 63.460959], [118.85903, 63.430082], [118.893859, 63.387966], [118.833398, 63.349105], [118.677749, 63.313552], [118.407894, 63.285078], [118.023835, 63.263736], [117.768502, 63.220612], [117.641895, 63.155758], [117.544484, 63.049433], [117.476168, 62.901691], [117.457048, 62.813246], [117.487124, 62.784049], [117.481233, 62.753534], [117.439375, 62.721753], [117.419221, 62.661447], [117.420668, 62.572718], [117.455601, 62.515823], [117.523917, 62.490915], [117.54867, 62.445233], [117.529705, 62.378803], [117.57301, 62.306326], [117.678533, 62.227727], [117.709229, 62.160909], [117.665201, 62.105822], [117.618899, 62.08758], [117.570426, 62.106235], [117.521747, 62.089983], [117.472861, 62.038875], [117.380257, 61.99216], [117.243676, 61.949837], [117.044153, 61.939372], [116.78174, 61.960766], [116.550333, 61.999782], [116.350139, 62.056445], [116.215832, 62.104272], [116.147515, 62.143339], [116.125966, 62.190416], [116.151185, 62.245452], [116.054033, 62.301469], [115.834615, 62.358416], [115.764231, 62.420893], [115.735499, 62.466885], [115.735499, 62.505281], [115.763405, 62.558921], [115.716999, 62.583622], [115.596283, 62.579385], [115.494067, 62.591684], [115.410248, 62.620571], [115.35206, 62.656072], [115.319504, 62.698189], [115.322811, 62.738212], [115.362085, 62.776117], [115.338211, 62.801852], [115.251084, 62.815494], [115.229225, 62.850583], [115.27253, 62.90722], [115.281057, 62.95161], [115.254805, 62.983753], [115.197703, 63.014759], [115.109698, 63.044576], [115.028876, 63.042664], [114.955185, 63.008971], [114.865165, 63.001323], [114.759021, 63.019668], [114.683212, 63.045635], [114.63784, 63.079173], [114.631381, 63.113564], [114.663833, 63.148859], [114.671378, 63.172733], [114.653912, 63.185317], [114.344163, 63.145087], [114.206755, 63.148446], [114.132651, 63.186066], [114.058547, 63.194954], [113.984443, 63.175111], [113.937263, 63.178728], [113.917109, 63.205755], [113.855201, 63.228027], [113.751744, 63.245546], [113.638366, 63.214721], [113.515066, 63.135578], [113.497393, 63.096562], [113.454502, 63.061112], [113.378331, 63.056875], [113.355179, 63.040338], [113.363344, 62.995923], [113.37492, 62.960395], [113.389493, 62.93373], [113.432177, 62.904533], [113.43073, 62.87301], [113.385152, 62.83911], [113.339108, 62.828853], [113.292496, 62.842211], [113.25441, 62.879728], [113.224955, 62.941326], [113.157259, 62.978068], [113.051322, 62.989928], [112.992101, 63.012795], [112.979595, 63.046643], [112.925593, 63.055531], [112.830199, 63.039486], [112.783018, 63.008661], [112.766482, 62.980807], [112.708501, 62.960343], [112.480297, 63.020288]], [[103.516297, 65.994008], [103.677114, 66.008064], [103.769356, 65.993414], [103.885163, 65.935356], [104.057039, 65.803348], [104.268189, 65.73082], [104.57587, 65.673718], [104.810791, 65.646924], [104.972849, 65.65036], [105.151856, 65.682813], [105.34771, 65.744204], [105.494677, 65.764668], [105.592553, 65.744153], [105.710892, 65.685035], [105.849591, 65.587315], [105.918011, 65.515459], [105.91615, 65.469518], [105.932067, 65.43735], [105.965863, 65.418953], [106.020743, 65.422209], [106.096915, 65.447117], [106.215977, 65.447892], [106.377931, 65.424431], [106.540247, 65.435024], [106.702769, 65.47975], [106.781886, 65.516802], [106.821108, 65.554991], [106.935313, 65.575119], [107.41549, 65.617907], [107.704052, 65.591811], [107.813606, 65.568091], [107.840271, 65.538015], [107.845387, 65.507113], [107.828953, 65.475435], [107.841097, 65.458046], [107.857582, 65.446316], [107.856394, 65.427325], [107.879648, 65.384691], [107.956646, 65.316866], [108.064443, 65.296376], [108.203246, 65.323248], [108.34856, 65.314256], [108.59361, 65.235527], [108.62813, 65.212506], [108.637845, 65.193799], [108.622755, 65.179407], [108.667249, 65.151321], [108.771325, 65.109514], [108.883411, 65.105355], [109.003507, 65.138789], [109.105723, 65.125379], [109.190059, 65.065176], [109.298993, 65.0189], [109.432422, 64.986602], [109.487199, 64.938646], [109.463324, 64.875033], [109.4179, 64.828653], [109.351031, 64.799508], [109.31677, 64.763489], [109.315013, 64.720649], [109.391804, 64.674838], [109.54704, 64.626004], [109.55505, 64.581226], [109.415782, 64.540583], [109.366586, 64.483816], [109.40741, 64.411004], [109.407979, 64.360206], [109.368394, 64.331448], [109.295686, 64.321061], [109.190007, 64.329045], [109.114405, 64.289616], [109.069033, 64.202696], [109.12505, 64.164869], [109.28256, 64.176135], [109.420949, 64.166885], [109.540115, 64.137067], [109.545696, 64.103374], [109.437692, 64.065702], [109.40493, 64.025808], [109.447408, 63.983588], [109.462601, 63.949637], [109.45056, 63.92385], [109.476863, 63.894886], [109.541562, 63.862691], [109.544559, 63.818095], [109.485752, 63.761095], [109.385913, 63.706861], [109.283903, 63.68526], [109.244836, 63.655443], [109.270674, 63.625729], [109.348241, 63.568652], [109.410717, 63.527544], [109.586831, 63.455455]]]}}, {"type": "Feature", "id": "http://www.semwebtech.org/mondial/rivers/Lena_geom", "name": "Lena Geometry (Lena_geom)", "dateprops": [], "properties": {"http://www.w3.org/2000/01/rdf-schema#label": "Lena Geometry", "http://rdfs.org/ns/void#inDataset.value": "64863"}, "geometry": {"type": "MultiLineString", "coordinates": [[[120.648378, 60.403471], [120.343435, 60.39621], [120.184272, 60.349702], [120.06924, 60.261593], [119.87411, 60.229115], [119.598881, 60.252317], [119.354762, 60.191417], [119.141751, 60.046464], [118.958558, 59.965591], [118.805286, 59.948796], [118.677542, 59.917015], [118.575326, 59.870248], [118.510214, 59.823816], [118.482102, 59.777799], [118.419573, 59.744777], [118.322525, 59.724804], [117.998307, 59.805342], [117.446713, 59.986468], [117.129419, 60.134263], [117.04622, 60.248829], [116.964262, 60.331046], [116.883543, 60.381018], [116.669189, 60.43905], [116.321407, 60.505248], [116.030933, 60.597697], [115.797873, 60.716501], [115.5028, 60.77474], [115.145716, 60.77257], [114.892553, 60.745078], [114.743208, 60.692265], [114.549422, 60.566794], [114.310987, 60.368667], [114.137354, 60.260095], [114.028523, 60.240949], [113.822541, 60.124806], [113.519407, 59.911615], [113.239631, 59.779297], [112.983006, 59.727776], [112.835883, 59.673981], [112.798108, 59.61786], [112.745191, 59.578483], [112.642768, 59.544531], [112.543394, 59.363302], [112.393688, 59.273721], [112.160524, 59.215378], [112.009835, 59.196645], [111.941726, 59.217523], [111.846124, 59.186775], [111.723031, 59.104403], [111.548571, 59.018956], [111.322642, 58.93046], [111.201823, 58.847003], [111.186216, 58.768558], [111.116556, 58.738792], [110.992843, 58.757706], [110.948608, 58.746337], [110.928971, 58.710319], [110.805361, 58.659004], [110.560208, 58.66244], [110.281775, 58.644638], [109.970166, 58.605622], [109.797671, 58.539166], [109.764391, 58.445218], [109.694318, 58.358583], [109.587347, 58.27926], [109.498257, 58.231278], [109.42684, 58.214586], [109.340541, 58.224612], [109.239152, 58.261354], [109.153886, 58.274531], [109.084742, 58.264144], [108.940462, 58.210452], [108.721147, 58.113404], [108.605599, 58.043538], [108.593816, 58.000853], [108.552682, 57.971604], [108.482299, 57.955791], [108.408608, 57.906905], [108.33161, 57.824998], [108.228877, 57.784897], [108.100306, 57.786654], [108.033747, 57.758904], [108.029303, 57.701646], [107.957008, 57.658677], [107.904401, 57.635009], [107.894169, 57.610231], [107.918044, 57.570491], [107.871793, 57.522562], [107.69723, 57.438303], [107.619199, 57.40784], [107.593102, 57.386472], [107.584369, 57.357016], [107.564629, 57.34296], [107.518637, 57.345854], [107.487424, 57.329007], [107.470991, 57.292421], [107.41456, 57.270613], [107.318132, 57.263585], [107.250746, 57.276091], [107.212609, 57.308182], [107.148633, 57.325597], [107.058923, 57.328336], [106.98854, 57.309861], [106.937483, 57.270122], [106.918053, 57.232088], [106.930145, 57.19576], [106.912472, 57.14597], [106.864826, 57.082718], [106.746746, 57.042565], [106.558127, 57.025512], [106.425163, 57.028251], [106.34801, 57.050782], [106.256181, 57.011042], [106.149831, 56.908981], [105.985655, 56.832965], [105.763705, 56.782943], [105.672444, 56.742402], [105.711822, 56.711319], [105.831401, 56.696436], [106.031285, 56.697676], [106.172879, 56.671115], [106.256285, 56.616803], [106.292148, 56.559959], [106.280573, 56.500583], [106.250083, 56.450818], [106.200681, 56.410562], [106.058002, 56.3655], [105.822048, 56.315529], [105.694665, 56.266101], [105.675958, 56.217163], [105.718126, 56.151741], [105.821169, 56.069834], [105.85202, 55.975653], [105.810575, 55.869148], [105.730942, 55.755098], [105.613223, 55.6334], [105.519585, 55.49036], [105.450029, 55.325874], [105.331276, 55.196838], [105.163225, 55.103149], [105.076098, 55.008374], [105.069897, 54.912514], [105.107931, 54.849831], [105.190303, 54.820375], [105.234435, 54.753506], [105.240533, 54.649171], [105.223893, 54.549952], [105.184567, 54.455746], [105.220586, 54.383916], [105.332, 54.33441], [105.45716, 54.237672], [105.665416, 54.021664], [105.806286, 54.006316], [105.872949, 53.972959], [105.912533, 53.916477], [105.973511, 53.878262], [106.05609, 53.858263], [106.304757, 53.857281], [106.927148, 53.884334], [106.996498, 53.849788], [107.052825, 53.844827], [107.119178, 53.857927], [107.158658, 53.89361], [107.171371, 53.951849], [107.234003, 53.99934], [107.346554, 54.03603], [107.456005, 54.104501], [107.562148, 54.204754], [107.657129, 54.264595], [107.78291, 54.293792], [108.021241, 54.246457], [108.106611, 54.199948], [108.11829, 54.138401], [108.088162, 54.081764], [107.980107, 54.004146]], [[126.689663, 72.294399], [126.896885, 72.050228], [127.019668, 71.945531], [127.127155, 71.898971], [127.167928, 71.845279], [127.141935, 71.784456], [127.162295, 71.683222], [127.228958, 71.541525], [127.258207, 71.41174], [127.250042, 71.293866], [127.316911, 71.183924], [127.458815, 71.081966], [127.506564, 70.998767], [127.460262, 70.934379], [127.471837, 70.879059], [127.414218, 70.741832], [127.090827, 70.60613], [126.789192, 70.540604], [126.509415, 70.545178], [126.231086, 70.527323], [125.954307, 70.487016], [125.800621, 70.449344], [125.769874, 70.414204], [125.833074, 70.367281], [125.990067, 70.308577], [126.018903, 70.234628], [125.919374, 70.145331], [125.77344, 70.068928], [125.484775, 69.973662], [125.201175, 69.903511], [125.078702, 69.825506], [125.022788, 69.716262], [124.901555, 69.580353], [124.721979, 69.400312], [124.621572, 69.33644], [124.251052, 69.181256], [124.093749, 69.096506], [124.026053, 69.030412], [123.985228, 68.926439], [123.971172, 68.784587], [123.927144, 68.633873], [123.853247, 68.474348], [123.773975, 68.349265], [123.689329, 68.258676], [123.534506, 68.17279], [123.309507, 68.091606], [123.150499, 67.929187], [123.057378, 67.68543], [123.09474, 67.454591], [123.26274, 67.236568], [123.397874, 66.997435], [123.500297, 66.737167], [123.587837, 66.580949], [123.696874, 66.502659], [123.738008, 66.461396], [123.876088, 66.197975], [124.0275, 66.022069], [124.210951, 65.873292], [124.285262, 65.733094], [124.250535, 65.601526], [124.267898, 65.504219], [124.337352, 65.4412], [124.373835, 65.378594], [124.377246, 65.316427], [124.407993, 65.251625], [124.465974, 65.184187], [124.59346, 65.097526], [124.79045, 64.991589], [124.954316, 64.931179], [125.085058, 64.916296], [125.220088, 64.878624], [125.359305, 64.818111], [125.453666, 64.746953], [125.503068, 64.665097], [125.743519, 64.575387], [126.175017, 64.477822], [126.423477, 64.402891], [126.506211, 64.377931], [126.85265, 64.224452], [127.2919, 63.965243], [127.585525, 63.84339], [127.879978, 63.772464], [128.077537, 63.697456], [128.178254, 63.618339], [128.291425, 63.561469], [128.416896, 63.526769], [128.640655, 63.515762], [128.962599, 63.528371], [129.187598, 63.523461], [129.379628, 63.489872], [129.585817, 63.305439], [129.637338, 63.199347], [129.602922, 63.110153], [129.6223, 63.033931], [129.695371, 62.970756], [129.763894, 62.858024], [129.827662, 62.69576], [129.909415, 62.569359], [130.008943, 62.478822], [130.051318, 62.396398], [130.036539, 62.322139], [129.997368, 62.269895], [129.933806, 62.239715], [129.892465, 62.160082], [129.873241, 62.030994], [129.788492, 61.893483], [129.63832, 61.747601], [129.476263, 61.63076], [129.215607, 61.499192], [128.751449, 61.323131], [128.480768, 61.266028], [128.248999, 61.26918], [127.893103, 61.227736], [127.413029, 61.141695], [127.047264, 61.103144], [126.795599, 61.112084], [126.553754, 61.101335], [126.321727, 61.070846], [126.097451, 61.014209], [125.88103, 60.931449], [125.578309, 60.856958], [124.994882, 60.757635], [124.89277, 60.710041], [124.730299, 60.687821], [124.473261, 60.675056], [124.278854, 60.645601], [124.147079, 60.59935], [123.551973, 60.575993], [122.296856, 60.575373], [121.653381, 60.597542], [121.424764, 60.6425], [121.161835, 60.622347], [120.864489, 60.53708], [120.700364, 60.472537], [120.653855, 60.406701]]]}}, {"type": "Feature", "id": "http://www.semwebtech.org/mondial/rivers/Indus_geom", "name": "Indus Geometry (Indus_geom)", "dateprops": [], "properties": {"http://www.w3.org/2000/01/rdf-schema#label": "Indus Geometry", "http://rdfs.org/ns/void#inDataset.value": "64863"}, "geometry": {"type": "MultiLineString", "coordinates": [[[67.859972, 23.902676], [67.925188, 24.000758]], [[67.645825, 23.919884], [67.711196, 23.956626], [67.713831, 24.000861], [67.713418, 24.066387]], [[67.925188, 24.000758], [67.99955, 24.007114], [68.016603, 23.990681], [68.02451, 23.933682], [68.042441, 23.891669], [68.037015, 23.84826]], [[67.925188, 24.000758], [67.924154, 24.055948], [67.800751, 24.058506], [67.760133, 24.052847], [67.713418, 24.066387]], [[67.713418, 24.066387], [67.660759, 24.10486]], [[79.734596, 32.443937], [79.429808, 32.744978]], [[79.43725, 32.738131], [79.340822, 32.880681], [79.220312, 32.996462], [79.043682, 33.132991], [78.90674, 33.189034], [78.809484, 33.164539], [78.639831, 33.207792], [78.245488, 33.397962], [78.183373, 33.445297], [78.151644, 33.493356], [78.150403, 33.542139], [78.076919, 33.620015], [77.931295, 33.726934], [77.792131, 33.857365], [77.659529, 34.011206], [77.529769, 34.106136], [77.339393, 34.160137], [76.96691, 34.287778], [76.782115, 34.386299], [76.660778, 34.498282], [76.529314, 34.582644], [76.387617, 34.639385], [76.285091, 34.708321], [76.221529, 34.789376], [76.196207, 34.86118], [76.20892, 34.923657], [76.141895, 35.007579], [75.995031, 35.112896], [75.902013, 35.209531], [75.862843, 35.297432], [75.791477, 35.334588], [75.687815, 35.320945], [75.567719, 35.357093], [75.431086, 35.442979], [75.352848, 35.510856], [75.333108, 35.560698], [75.263861, 35.589663], [75.145212, 35.597724], [75.000725, 35.632347], [74.830399, 35.693532], [74.740069, 35.753477], [74.729734, 35.812181], [74.701053, 35.836366], [74.654028, 35.826031], [74.631032, 35.747534], [74.632065, 35.600825], [74.575324, 35.50003], [74.460809, 35.445124], [74.34247, 35.414583], [74.220307, 35.408407], [74.058457, 35.435874], [73.856919, 35.496955], [73.6452, 35.53101], [73.423302, 35.538038], [73.301604, 35.471169], [73.28021, 35.330402], [73.1751, 35.20426], [72.986377, 35.092742], [72.885195, 35.004479], [72.871656, 34.939366], [72.894807, 34.886346], [72.954648, 34.845367], [72.944571, 34.808883], [72.864473, 34.776844], [72.813726, 34.726253], [72.781635, 34.622538]], [[72.706911, 34.085543], [72.651617, 34.031747], [72.591776, 34.015495], [72.508991, 34.018802], [72.410754, 33.999837], [72.297169, 33.958574], [72.238826, 33.894934], [72.235726, 33.808996], [72.197485, 33.77197], [72.124104, 33.783933], [72.071033, 33.778972], [72.03827, 33.757087], [71.985922, 33.665465], [71.913885, 33.504079], [71.839212, 33.406333], [71.761801, 33.372279], [71.721958, 33.273783], [71.719685, 33.110847], [71.650955, 32.993878], [71.515666, 32.922797], [71.424716, 32.837686], [71.354539, 32.688884], [71.3441, 32.483547], [71.272994, 32.311103], [71.070215, 31.999081], [70.861081, 31.569495], [70.800774, 31.299692], [70.82899, 30.919844], [70.769769, 30.810755], [70.774523, 30.716291], [70.823512, 30.600096], [70.829506, 30.485478], [70.792506, 30.37241], [70.791524, 30.211903], [70.826561, 30.003957], [70.791886, 29.825157], [70.687603, 29.675502], [70.656649, 29.550393], [70.699127, 29.449882], [70.702331, 29.35348], [70.666261, 29.261237], [70.651223, 29.176023], [70.657114, 29.097862], [70.611639, 29.023112], [70.51459, 28.951799], [70.442967, 28.915755], [70.396768, 28.915005], [70.287369, 28.83545], [70.114873, 28.677113], [69.962014, 28.575724], [69.828792, 28.531282], [69.714949, 28.444388], [69.620588, 28.314965], [69.534908, 28.24577], [69.458014, 28.236881], [69.409438, 28.212387], [69.389181, 28.172389], [69.356315, 28.156731], [69.310839, 28.165413], [69.248931, 28.141358], [69.17059, 28.084539], [69.107286, 28.057771], [69.05902, 28.061052], [69.025896, 28.040046], [69.007912, 27.994777], [68.979852, 27.975166], [68.941715, 27.981264], [68.929467, 27.955297], [68.94311, 27.897316], [68.927607, 27.853132], [68.883062, 27.822746], [68.884457, 27.792128], [68.931896, 27.761277], [68.94988, 27.736964], [68.938407, 27.719187], [68.826476, 27.677794], [68.762449, 27.697793], [68.705192, 27.759495], [68.66907, 27.770502], [68.654084, 27.730892], [68.573107, 27.687742], [68.426242, 27.641052], [68.337359, 27.602502], [68.30656, 27.572116], [68.300048, 27.511189], [68.317722, 27.419825], [68.297413, 27.371405], [68.239019, 27.365875], [68.194008, 27.34213], [68.162279, 27.300143], [68.160264, 27.263091], [68.187859, 27.230948], [68.174785, 27.207616], [68.121041, 27.193121], [68.098924, 27.162942], [68.108536, 27.117053], [68.063215, 27.062018], [67.963066, 26.997784], [67.910925, 26.909779], [67.904724, 26.742089], [67.890926, 26.486859], [67.899556, 26.368623], [67.925911, 26.302219], [67.981928, 26.24336], [68.067608, 26.191993], [68.116804, 26.140265], [68.129723, 26.088124], [68.201553, 25.99893], [68.332295, 25.87271], [68.378803, 25.794808], [68.340873, 25.765249], [68.348108, 25.728171], [68.400301, 25.683549], [68.39844, 25.620659], [68.342423, 25.539423], [68.323096, 25.443925], [68.340459, 25.334165], [68.337152, 25.261559], [68.313174, 25.226057], [68.318549, 25.191693], [68.353172, 25.158413], [68.35157, 25.138621], [68.313639, 25.132265], [68.286199, 25.089115], [68.269353, 25.009223], [68.245065, 24.978527], [68.213542, 24.997053], [68.183466, 24.973256], [68.154941, 24.907162], [68.116494, 24.872642], [68.068228, 24.8698], [68.024613, 24.760349], [67.985752, 24.544342], [67.935626, 24.430189], [67.874131, 24.417993], [67.85005, 24.395514], [67.863383, 24.362777], [67.848655, 24.343837], [67.80597, 24.33867], [67.795893, 24.317947], [67.818321, 24.281671], [67.787108, 24.239193], [67.702152, 24.190513], [67.659261, 24.145555], [67.658537, 24.104369], [67.626705, 24.077962], [67.532343, 24.060521], [67.45395, 24.039902]]]}}, {"type": "Feature", "id": "http://www.semwebtech.org/mondial/rivers/Lualaba_geom", "name": "Lualaba Geometry (Lualaba_geom)", "dateprops": [], "properties": {"http://www.w3.org/2000/01/rdf-schema#label": "Lualaba Geometry", "http://rdfs.org/ns/void#inDataset.value": "64863"}, "geometry": {"type": "MultiLineString", "coordinates": [[[26.930481, -5.610252], [27.002879, -5.378121], [27.013886, -5.28593], [26.987738, -5.256216], [26.958851, -5.122633], [26.927328, -4.885128], [26.878908, -4.73139], [26.813485, -4.661524], [26.652151, -4.550161], [26.394699, -4.397199], [26.199104, -4.250438], [26.065262, -4.109878], [26.01219, -3.958363], [26.039889, -3.795892], [26.0125, -3.649441], [25.930025, -3.51901], [25.904187, -3.362533], [25.934986, -3.180012], [25.948732, -3.022503], [25.945528, -2.890108], [25.926924, -2.804118], [25.876178, -2.744742]], [[25.876178, -2.752235], [25.788225, -2.456594], [25.784917, -2.112946], [25.837111, -1.622795], [25.817784, -1.286381], [25.681565, -1.012341], [25.534287, -0.815971], [25.464524, -0.682077], [25.423286, -0.545238], [25.443491, -0.385971], [25.525243, -0.204483], [25.553614, -0.035605], [25.528602, 0.120665], [25.489432, 0.23549], [25.409436, 0.345664], [25.255337, 0.459249], [25.136378, 0.507463], [24.9336, 0.538572], [24.790766, 0.576813], [24.690204, 0.627972], [24.584267, 0.704763], [24.471613, 0.752771], [24.292295, 0.78171]]]}}, {"type": "Feature", "id": "http://www.semwebtech.org/mondial/rivers/Jordan_geom", "name": "Jordan Geometry (Jordan_geom)", "dateprops": [], "properties": {"http://www.w3.org/2000/01/rdf-schema#label": "Jordan Geometry", "http://rdfs.org/ns/void#inDataset.value": "64863"}, "geometry": {"type": "MultiLineString", "coordinates": [[[35.423502, 31.324832], [35.400661, 31.230497]], [[35.576878, 32.720303], [35.551453, 32.395516], [35.57202, 32.237878], [35.53471, 32.103002], [35.531506, 31.984921], [35.558998, 31.765529]], [[35.863889, 33.596348], [35.695527, 33.430828], [35.618942, 33.243708], [35.594758, 33.110951], [35.598892, 32.899723]]]}}, {"type": "Feature", "id": "http://www.semwebtech.org/mondial/rivers/Ganges_geom", "name": "Ganges Geometry (Ganges_geom)", "dateprops": [], "properties": {"http://www.w3.org/2000/01/rdf-schema#label": "Ganges Geometry", "http://rdfs.org/ns/void#inDataset.value": "64863"}, "geometry": {"type": "MultiLineString", "coordinates": [[[89.483148, 22.27554], [89.425271, 22.495526], [89.372147, 22.58118], [89.299697, 22.618852]], [[89.299697, 22.618852], [89.260785, 22.573558], [89.255462, 22.445349], [89.286468, 22.307579], [89.35375, 22.160301], [89.378555, 22.058085], [89.3522, 21.972303], [89.350547, 21.885641], [89.335819, 21.788386], [89.35375, 21.721103]], [[88.439749, 22.986478], [88.385024, 22.867958], [88.34668, 22.735253], [88.343786, 22.629265], [88.290043, 22.549399], [88.185346, 22.495604], [88.117547, 22.410234], [88.087058, 22.217714]], [[88.439749, 22.986478], [88.518453, 22.975342], [88.597931, 22.974774], [88.682164, 22.953793], [88.756268, 22.914984], [88.82045, 22.858373], [88.842619, 22.802846], [88.822878, 22.748328], [88.845254, 22.700243], [88.909643, 22.65854], [88.971448, 22.510926], [89.049945, 22.274636], [89.055836, 22.186243], [89.051443, 22.093174]], [[90.074378, 23.573419], [90.096031, 23.340307], [90.127243, 23.25194], [90.180883, 23.205922], [90.228426, 23.178482], [90.243619, 23.138252], [90.265219, 23.115592], [90.298757, 23.088074], [90.302116, 23.05451], [90.315242, 23.015598], [90.361648, 22.961054], [90.361338, 22.875865], [90.394307, 22.774838], [90.435028, 22.751919]], [[89.109373, 23.991921], [89.218565, 23.80847], [89.301764, 23.732505], [89.381242, 23.6938], [89.447181, 23.640185], [89.499581, 23.571662], [89.520045, 23.524766], [89.508676, 23.499444], [89.526866, 23.483373], [89.574719, 23.476552], [89.598335, 23.443091], [89.597818, 23.383043], [89.615026, 23.336974], [89.632493, 23.301084], [89.637557, 23.252483], [89.659727, 23.222924], [89.709491, 23.192331], [89.718638, 23.133394], [89.765353, 23.020068], [89.926274, 22.840182], [90.007561, 22.685231], [90.013555, 22.563481], [89.985133, 22.466381]], [[89.109373, 23.991921], [89.199755, 23.932648], [89.280887, 23.930788], [89.37995, 23.901125], [89.497049, 23.843558], [89.604019, 23.823094], [89.749282, 23.848054]], [[88.396961, 24.389261], [88.510133, 24.261388], [88.533749, 24.208471], [88.526928, 24.165554], [88.554213, 24.128863], [88.615708, 24.098478], [88.642993, 24.059359], [88.636172, 24.011584], [88.690225, 23.967762], [88.805257, 23.92792], [88.864426, 23.855909], [88.867837, 23.751729], [88.837193, 23.665791], [88.772391, 23.598095], [88.763709, 23.530657], [88.811045, 23.463478], [88.852799, 23.440714], [88.884683, 23.423454], [88.905509, 23.389942], [88.925973, 23.363484], [88.988915, 23.332788], [89.001731, 23.263361], [89.027517, 23.186079], [89.088754, 23.112595], [89.112938, 23.04048], [89.099812, 22.969684], [89.113455, 22.892556], [89.153866, 22.809125], [89.208436, 22.748741], [89.268433, 22.707503], [89.275512, 22.702671], [89.270861, 22.678952], [89.299697, 22.618852]], [[88.396961, 24.389261], [88.498557, 24.346628], [88.642321, 24.325957], [88.723505, 24.274901], [88.742212, 24.193407], [88.769755, 24.144289], [88.806239, 24.127494], [88.858277, 24.131086], [88.925973, 24.155063], [89.009637, 24.108684], [89.109373, 23.991921]], [[87.919833, 24.825048], [87.940193, 24.666014], [88.018845, 24.542533], [88.174598, 24.388796], [88.238056, 24.234258], [88.209014, 24.07897], [88.205397, 23.944689], [88.226998, 23.831414], [88.215422, 23.739637], [88.183383, 23.700104], [88.213717, 23.636749], [88.271853, 23.587346], [88.303789, 23.542672], [88.344613, 23.530321], [88.360736, 23.460558], [88.352158, 23.333356], [88.375206, 23.255428], [88.429983, 23.226774], [88.46688, 23.18613], [88.486051, 23.133524], [88.458715, 23.027484], [88.439749, 22.986478]], [[87.919833, 24.825048], [87.946291, 24.753166], [87.999363, 24.661441], [88.079048, 24.549923], [88.145452, 24.485793], [88.225034, 24.460626], [88.287149, 24.479746], [88.337533, 24.453857], [88.396961, 24.389261]], [[79.840739, 30.888477], [79.820276, 30.836826], [79.828802, 30.78701], [79.859498, 30.72182], [79.864614, 30.679006], [79.833918, 30.648285], [79.744931, 30.543201], [79.667107, 30.522117], [79.570782, 30.550022], [79.470219, 30.515993], [79.313123, 30.372074], [79.232094, 30.30089], [79.158921, 30.284767], [79.066523, 30.300063], [78.939296, 30.291846], [78.777238, 30.260065], [78.668718, 30.201361], [78.613838, 30.115733], [78.519786, 30.089817], [78.386565, 30.12364], [78.281041, 30.092892], [78.203113, 29.997601], [78.17035, 29.889132], [78.182856, 29.767537], [78.139448, 29.673073], [78.040126, 29.605687], [78.022194, 29.491844], [78.085549, 29.331543], [78.106013, 29.180881], [78.083586, 29.03983], [78.098313, 28.882113], [78.176035, 28.620501], [78.242491, 28.521722], [78.271016, 28.443329], [78.283728, 28.352378], [78.336852, 28.253418], [78.430386, 28.146422], [78.60314, 28.026429], [78.855218, 27.893492], [79.02482, 27.824762], [79.111947, 27.820214], [79.167499, 27.786289], [79.19158, 27.722985], [79.255142, 27.680171], [79.358392, 27.657795], [79.44619, 27.620356], [79.51864, 27.567775], [79.590574, 27.466489], [79.661991, 27.316498], [79.732787, 27.217435], [79.838052, 27.145243], [79.922491, 27.12558], [79.998352, 27.024862], [80.093851, 26.836553], [80.237718, 26.648038], [80.429851, 26.459264], [80.543901, 26.317309], [80.579764, 26.222172], [80.651749, 26.138353], [80.75996, 26.065954], [80.868687, 26.037532], [80.978138, 26.05319], [81.122832, 25.988776], [81.302769, 25.844366], [81.394598, 25.745509], [81.398215, 25.692256], [81.45754, 25.645851], [81.572572, 25.606344], [81.648743, 25.563608], [81.686053, 25.517668], [81.755558, 25.498935], [81.857154, 25.50741], [81.906815, 25.48692], [81.903249, 25.412764], [82.042052, 25.312357], [82.11998, 25.284659], [82.183129, 25.296234], [82.215168, 25.272463], [82.217028, 25.258924], [82.225865, 25.243498], [82.239094, 25.241302], [82.254494, 25.245694], [82.274286, 25.261766], [82.299866, 25.260474], [82.318366, 25.230192], [82.344979, 25.226523], [82.379809, 25.249364], [82.43562, 25.235049], [82.512618, 25.183579], [82.55215, 25.183967], [82.563467, 25.202777], [82.584965, 25.218409], [82.619588, 25.219701], [82.785934, 25.144021], [82.878797, 25.141618], [82.965096, 25.187662], [83.016618, 25.238796], [83.033258, 25.294968], [83.07403, 25.330134], [83.138936, 25.344241], [83.159297, 25.376539], [83.135215, 25.426975], [83.138729, 25.47152], [83.170045, 25.510174], [83.241565, 25.518856], [83.353497, 25.497591], [83.439589, 25.465707], [83.489251, 25.444158], [83.513487, 25.461779], [83.513487, 25.497074], [83.518138, 25.533842], [83.59958, 25.584072], [83.669653, 25.607016], [83.712751, 25.590325], [83.752232, 25.54162], [83.803392, 25.518934], [83.86623, 25.522318], [83.959093, 25.577044], [84.081979, 25.683187], [84.171018, 25.7221], [84.226208, 25.693833], [84.283517, 25.701041], [84.342894, 25.743752], [84.42847, 25.747163], [84.539987, 25.711247], [84.634142, 25.708328], [84.710933, 25.738326], [84.826688, 25.747008], [84.981408, 25.734399], [85.11897, 25.682567], [85.23917, 25.591565], [85.338492, 25.543971], [85.412441, 25.534798], [85.456107, 25.53777], [85.500807, 25.544901], [85.555119, 25.543635], [85.617751, 25.493741], [85.696609, 25.473794], [85.78601, 25.494568], [85.880061, 25.462219], [85.978969, 25.376694], [86.097825, 25.323623], [86.236731, 25.303004], [86.370728, 25.340805], [86.499816, 25.437104], [86.571026, 25.447672], [86.584359, 25.372534], [86.61676, 25.315354], [86.668126, 25.27608], [86.74285, 25.279827], [86.840932, 25.32662], [86.964956, 25.320083], [87.115127, 25.260241], [87.218584, 25.266985], [87.275324, 25.340366], [87.350462, 25.382715], [87.443893, 25.394006], [87.517635, 25.366436], [87.571689, 25.299981], [87.643726, 25.25696], [87.733746, 25.2374], [87.779325, 25.193191], [87.780461, 25.124358], [87.824335, 25.064362], [87.911048, 25.013202], [87.942415, 24.955945], [87.918541, 24.892641], [87.919833, 24.825048]]]}}, {"type": "Feature", "id": "http://www.semwebtech.org/mondial/rivers/Tocantins_geom", "name": "Tocantins Geometry (Tocantins_geom)", "dateprops": [], "properties": {"http://www.w3.org/2000/01/rdf-schema#label": "Tocantins Geometry", "http://rdfs.org/ns/void#inDataset.value": "64863"}, "geometry": {"type": "MultiLineString", "coordinates": [[[-49.178724, -15.926004], [-49.257556, -15.768029], [-49.349644, -15.725086], [-49.436848, -15.633516], [-49.54989, -15.479107], [-49.592239, -15.348469], [-49.56392, -15.241653], [-49.51444, -15.164707], [-49.443747, -15.117578], [-49.356387, -15.010918], [-49.252311, -14.844727], [-49.154694, -14.746231], [-49.063537, -14.715277], [-49.009277, -14.628616], [-48.991914, -14.486196], [-48.993619, -14.386667], [-49.014393, -14.330236], [-49.007572, -14.28228], [-48.973155, -14.242851], [-48.796241, -14.125391], [-48.713171, -14.111076], [-48.653433, -14.147508], [-48.597803, -14.153606], [-48.546256, -14.129215], [-48.38425, -13.995631], [-48.342031, -13.921682], [-48.348439, -13.85471], [-48.325339, -13.827528], [-48.272733, -13.840137], [-48.215889, -13.820086], [-48.154755, -13.767376], [-48.116101, -13.690999], [-48.099978, -13.591056], [-48.122794, -13.516384], [-48.184573, -13.467136], [-48.198215, -13.32916], [-48.163773, -13.102559], [-48.180981, -12.896732], [-48.284334, -12.619281], [-48.238239, -12.511639], [-48.234802, -12.465544], [-48.258728, -12.445183], [-48.265705, -12.413454], [-48.255731, -12.370459], [-48.307149, -12.309326], [-48.419907, -12.230054], [-48.52419, -12.028878], [-48.646095, -11.636499], [-48.648084, -11.535781], [-48.597777, -11.466742], [-48.515534, -11.384111], [-48.488585, -11.257245], [-48.540778, -11.110278], [-48.525585, -10.978813], [-48.442903, -10.862747], [-48.41691, -10.731954], [-48.447502, -10.58633], [-48.454117, -10.429544], [-48.436805, -10.261647], [-48.404508, -10.139949], [-48.357327, -10.064502], [-48.344718, -10.001405], [-48.36668, -9.950762], [-48.36482, -9.90818], [-48.339085, -9.873661], [-48.346475, -9.79935], [-48.386989, -9.685248], [-48.397712, -9.552905], [-48.378695, -9.402372], [-48.306917, -9.190291], [-48.182376, -8.91682], [-48.127109, -8.722413], [-48.141087, -8.607071], [-48.134033, -8.521908], [-48.105973, -8.467028], [-48.112562, -8.369463], [-48.153825, -8.229161], [-48.16199, -8.141983], [-48.137005, -8.107877], [-48.086698, -8.084571], [-48.010992, -8.072013], [-47.962597, -8.00287], [-47.941435, -7.877038], [-47.861957, -7.779163], [-47.724084, -7.709245], [-47.646905, -7.626976], [-47.630446, -7.532408], [-47.58895, -7.459234], [-47.522391, -7.407351], [-47.495054, -7.356243], [-47.506888, -7.305807], [-47.5458, -7.287565], [-47.611817, -7.30157], [-47.668919, -7.279762], [-47.717159, -7.222195], [-47.715971, -7.184677], [-47.665328, -7.167211], [-47.605745, -7.114708], [-47.53717, -7.027219], [-47.470456, -6.796019], [-47.405576, -6.421106], [-47.39705, -6.072446], [-47.444825, -5.749985], [-47.485804, -5.561262], [-47.519936, -5.506382], [-47.612437, -5.455016], [-47.763255, -5.407163], [-47.853999, -5.350733], [-47.884591, -5.28562], [-47.953088, -5.256371], [-48.059438, -5.262986], [-48.168966, -5.240662], [-48.281621, -5.189399], [-48.378049, -5.169503], [-48.458148, -5.180872], [-48.52357, -5.220405], [-48.574316, -5.288152], [-48.63054, -5.330372], [-48.723144, -5.355383]], [[-49.687246, -3.834753], [-49.648979, -3.360983], [-49.660245, -3.091129], [-49.708304, -2.867422], [-49.716831, -2.735802], [-49.670425, -2.676477], [-49.634768, -2.652396]]]}}, {"type": "Feature", "id": "http://www.semwebtech.org/mondial/rivers/Elbe_geom", "name": "Elbe Geometry (Elbe_geom)", "dateprops": [], "properties": {"http://www.w3.org/2000/01/rdf-schema#label": "Elbe Geometry", "http://rdfs.org/ns/void#inDataset.value": "64863"}, "geometry": {"type": "MultiLineString", "coordinates": [[[15.582749, 50.692798], [15.614996, 50.613913], [15.652564, 50.575983], [15.706204, 50.552677], [15.734058, 50.522188], [15.736022, 50.484412], [15.782272, 50.440126], [15.864179, 50.394082], [15.883816, 50.372274], [15.889036, 50.327523], [15.844852, 50.272022], [15.819376, 50.196626], [15.817205, 50.106968], [15.677421, 50.051932], [15.399918, 50.031417], [15.235587, 50.034698], [15.158796, 50.075213], [15.088103, 50.152365], [14.96935, 50.17903], [14.778871, 50.180942], [14.630973, 50.222103], [14.472946, 50.342716], [14.388197, 50.43811], [14.332438, 50.460434], [14.277351, 50.441573], [14.240557, 50.454156], [14.222057, 50.49821], [14.178081, 50.520069], [14.108731, 50.519656], [14.062481, 50.535365], [14.039433, 50.567095], [14.039588, 50.589393], [14.062946, 50.60226], [14.06739, 50.618513], [14.06956, 50.641431], [14.083978, 50.660732], [14.160356, 50.68626], [14.202885, 50.749667], [14.211567, 50.850979], [14.136171, 50.917874], [13.976698, 50.950327], [13.87381, 50.991358], [13.827611, 51.040993], [13.743792, 51.078691], [13.622456, 51.104478], [13.522203, 51.141401], [13.443035, 51.189511], [13.39756, 51.234961], [13.385778, 51.277801], [13.344953, 51.312424], [13.275087, 51.33883], [13.226201, 51.382445], [13.184343, 51.473628]], [[13.191164, 51.473628], [12.934229, 51.622586], [12.842038, 51.711418], [12.828912, 51.789707], [12.741579, 51.842779], [12.579935, 51.870633], [12.381705, 51.880968], [12.14699, 51.873785], [11.994751, 51.908692], [11.925195, 51.985639], [11.843339, 52.031295], [11.749392, 52.045661], [11.690842, 52.071602], [11.667795, 52.109068], [11.668208, 52.155292], [11.692083, 52.210198], [11.757247, 52.272753], [11.916927, 52.377966], [11.977905, 52.43773], [12.003433, 52.561857], [12.013768, 52.770319], [11.920544, 52.918476], [11.723864, 53.006274], [11.555088, 53.054178], [11.414322, 53.062188], [11.296913, 53.093039], [11.202965, 53.146834], [11.1393, 53.16629], [11.105917, 53.151459], [10.994347, 53.200112], [10.804488, 53.312173], [10.682428, 53.369094], [10.601038, 53.371678], [10.412988, 53.416843], [10.305139, 53.425525], [10.214808, 53.412812], [10.082, 53.439943]], [[10.082, 53.439943], [9.818967, 53.54035], [9.784034, 53.554638], [9.899789, 53.551719], [9.987639, 53.538102], [10.047532, 53.515907], [10.082, 53.439943]]]}}, {"type": "Feature", "id": "http://www.semwebtech.org/mondial/rivers/Volga_geom", "name": "Volga Geometry (Volga_geom)", "dateprops": [], "properties": {"http://www.w3.org/2000/01/rdf-schema#label": "Volga Geometry", "http://rdfs.org/ns/void#inDataset.value": "64863"}, "geometry": {"type": "MultiLineString", "coordinates": [[[47.841556, 46.734925], [48.113942, 46.683249], [48.21993, 46.605243], [48.250316, 46.483649], [48.313878, 46.400579], [48.410616, 46.355982], [48.500947, 46.272111], [48.683675, 46.08618]], [[45.663601, 50.222309], [45.489968, 50.122006], [45.414417, 50.056066], [45.378967, 49.991057], [45.360725, 49.91623], [45.359588, 49.831636], [45.305225, 49.736964], [45.197634, 49.632113], [45.106942, 49.513154], [45.048444, 49.407527], [45.010824, 49.350631], [44.996355, 49.313424], [44.990153, 49.293581], [44.986949, 49.259138], [44.975684, 49.194749], [44.841842, 49.012616], [44.587904, 48.727465], [44.544341, 48.665066], [44.527598, 48.598016], [44.595501, 48.545151], [44.864528, 48.465673], [45.042502, 48.434408], [45.129421, 48.45141], [45.22771, 48.446501], [45.337367, 48.419784], [45.411058, 48.424486], [45.448782, 48.460712], [45.558594, 48.451332], [45.733209, 48.398597], [45.797959, 48.383249], [45.831342, 48.368934], [45.864932, 48.352656], [45.90865, 48.321676], [46.077684, 48.218401], [46.155405, 48.110087], [46.14662, 47.993815], [46.193181, 47.917592], [46.295087, 47.88147], [46.350484, 47.842972], [46.359476, 47.802095], [46.408568, 47.773002], [46.497865, 47.755587], [46.616411, 47.672904], [46.764205, 47.524955], [46.87469, 47.444417], [46.947967, 47.431369], [47.008532, 47.402843], [47.056591, 47.358918], [47.081705, 47.315614], [47.085116, 47.25169], [47.086201, 47.214018], [47.21224, 47.143944], [47.463491, 47.028913], [47.584982, 46.9422], [47.576611, 46.883754], [47.611699, 46.854582], [47.69035, 46.854608], [47.800318, 46.772753], [47.941705, 46.608938], [48.002063, 46.505895], [47.981392, 46.463572], [47.980152, 46.418278], [47.998239, 46.369935], [47.916435, 46.249684], [47.734637, 46.057396], [47.641103, 45.929471], [47.635832, 45.865857], [47.610355, 45.834154], [47.578109, 45.813483], [47.560746, 45.789505], [47.563226, 45.760566], [47.587204, 45.737415], [47.631026, 45.693594], [47.649836, 45.656748]], [[49.904789, 53.456737], [50.042145, 53.45467], [50.108084, 53.404725], [50.148495, 53.30623], [50.128548, 53.235588], [50.048346, 53.192774], [49.957344, 53.185229], [49.855541, 53.212902], [49.717358, 53.203058], [49.542795, 53.155774], [49.427609, 53.152467], [49.371695, 53.193188], [49.269014, 53.218974], [49.119462, 53.229749], [48.918751, 53.208535], [48.66688, 53.155309], [48.524305, 53.104847], [48.491025, 53.057149], [48.503376, 52.995138], [48.561357, 52.918812], [48.504926, 52.816363], [48.334084, 52.68774], [48.177452, 52.506098], [48.034929, 52.271383], [47.900828, 52.124803], [47.775048, 52.066305], [47.643635, 52.043025], [47.506589, 52.054911], [47.272701, 51.980962], [47.114262, 51.918795], [46.970808, 51.83017], [46.842547, 51.772964], [46.774644, 51.747927]], [[43.432419, 56.674991], [43.656901, 56.496397], [43.836839, 56.403534], [44.046955, 56.336923], [44.16731, 56.27362], [44.197799, 56.213623], [44.258105, 56.179672], [44.348332, 56.171662], [44.450858, 56.140372], [44.565787, 56.08575], [44.77611, 56.082469], [45.081827, 56.130605], [45.280885, 56.137039], [45.373283, 56.101847], [45.442839, 56.103914], [45.489451, 56.143292], [45.560144, 56.15957], [45.654919, 56.152749], [45.736775, 56.166494], [45.805711, 56.200833], [45.87227, 56.198844], [45.936349, 56.1605], [46.025026, 56.171559], [46.1383, 56.231917], [46.294053, 56.286823], [46.492181, 56.336277], [46.679714, 56.308915], [46.856551, 56.204683], [47.165938, 56.150785], [47.828947, 56.14541], [47.886101, 56.121769], [47.92739, 56.073348], [47.971935, 55.992267], [48.066917, 55.925321], [48.212334, 55.872456], [48.459709, 55.825275], [48.809042, 55.78383], [49.002518, 55.692983], [49.058949, 55.48266]], [[37.148255, 56.752402], [37.391961, 56.861646], [37.477434, 56.934768], [37.485805, 57.008149], [37.557739, 57.106334], [37.760931, 57.290819]], [[32.598248, 57.250356], [32.680827, 57.079049], [32.675246, 57.00944], [32.692041, 56.972492], [32.729351, 56.944897], [32.850843, 56.9319], [33.056515, 56.933476], [33.282393, 56.899266], [33.528476, 56.829245], [33.674927, 56.765269], [33.721746, 56.707443], [33.815538, 56.640677], [33.956408, 56.565101], [33.979663, 56.50929], [33.885508, 56.473272], [33.844477, 56.444514], [33.856776, 56.423016], [34.049839, 56.35656], [34.42377, 56.245146], [34.668406, 56.208662], [34.783748, 56.247006], [34.861831, 56.289794], [34.902655, 56.336975], [34.908857, 56.368911], [34.880435, 56.385499], [34.890977, 56.415678], [34.940483, 56.459345], [34.955779, 56.50265], [34.936865, 56.545541], [35.001202, 56.578459], [35.222584, 56.612927], [35.333895, 56.703258], [35.421797, 56.742273], [35.523393, 56.76005], [35.606799, 56.791107], [35.672014, 56.835446], [35.772525, 56.860664], [35.908331, 56.866762], [36.065737, 56.84622], [36.244847, 56.799014], [36.344376, 56.758138], [36.374555, 56.706358]], [[41.343658, 57.49308], [41.715315, 57.447553], [41.889206, 57.451222], [41.989148, 57.488946], [42.173271, 57.484709], [42.575831, 57.415462]], [[40.007098, 57.566667], [39.853309, 57.668832], [39.798119, 57.725211], [39.790367, 57.769885], [39.696626, 57.831302], [39.517102, 57.909437], [39.246473, 57.989691], [38.704026, 58.113146]], [[38.300949, 57.571628], [38.445592, 57.760919], [38.479646, 57.872437], [38.437065, 58.017544]]]}}, {"type": "Feature", "id": "http://www.semwebtech.org/mondial/rivers/Atbara_geom", "name": "Atbara Geometry (Atbara_geom)", "dateprops": [], "properties": {"http://www.w3.org/2000/01/rdf-schema#label": "Atbara Geometry", "http://rdfs.org/ns/void#inDataset.value": "64863"}, "geometry": {"type": "MultiLineString", "coordinates": [[[35.583389, 16.000031], [35.352292, 16.312545], [35.27302, 16.445327], [35.268473, 16.502585], [35.189615, 16.631983], [35.036446, 16.833521], [34.955055, 16.962789], [34.945444, 17.019788], [34.767315, 17.138386], [34.420566, 17.318633], [34.227503, 17.45294], [34.188125, 17.541307], [34.122496, 17.605592], [33.951861, 17.698507]], [[35.585663, 16.003752], [35.612793, 15.715656], [35.714441, 15.469366], [35.899546, 15.168894], [35.950395, 15.044612], [35.958405, 14.998749], [35.924144, 14.935368]]]}}, {"type": "Feature", "id": "http://www.semwebtech.org/mondial/rivers/Donau_geom", "name": "Donau Geometry (Donau_geom)", "dateprops": [], "properties": {"http://www.w3.org/2000/01/rdf-schema#label": "Donau Geometry", "http://rdfs.org/ns/void#inDataset.value": "64863"}, "geometry": {"type": "MultiLineString", "coordinates": [[[8.219788, 48.046809], [8.490056, 47.930718], [8.695831, 47.936299], [8.835874, 47.976348], [8.978708, 48.0527], [9.131877, 48.086419], [9.295381, 48.077531], [9.421058, 48.116133], [9.508805, 48.202329], [9.588697, 48.243955], [9.660734, 48.240983], [9.784034, 48.289094], [9.958803, 48.388261], [10.127165, 48.452908], [10.289119, 48.483087], [10.385031, 48.516212], [10.414693, 48.552334], [10.523575, 48.606697], [10.711574, 48.679406], [11.025095, 48.73532], [11.683556, 48.794128], [11.765928, 48.870919], [11.850367, 48.906007], [11.964366, 48.924921], [12.024207, 48.957658], [12.032992, 49.027499], [12.242437, 49.018094], [12.360827, 48.992204], [12.506555, 48.923836]], [[17.206423, 48.061098], [17.165495, 48.117425], [17.110822, 48.146467], [17.028656, 48.167086], [16.878071, 48.171789], [16.659066, 48.160627], [16.486467, 48.212536], [16.36048, 48.32749], [16.209481, 48.37958], [16.033678, 48.368831], [15.861389, 48.379373], [15.692717, 48.411283], [15.573034, 48.423711], [15.502341, 48.416683], [15.431182, 48.370898], [15.359559, 48.286304], [15.264733, 48.228788], [15.146704, 48.19835], [15.035754, 48.197885], [14.931885, 48.227392], [14.82879, 48.227212], [14.726471, 48.197317], [14.583431, 48.218737], [14.399669, 48.291549], [14.24309, 48.328265], [14.113795, 48.328885], [14.036797, 48.352346], [14.012199, 48.398622], [13.871588, 48.461771], [13.48665, 48.581841], [13.316273, 48.602305], [13.199949, 48.636411], [13.080887, 48.690982], [13.004767, 48.747619], [12.971591, 48.806324], [12.908804, 48.835702], [12.816303, 48.835702], [12.704217, 48.859602], [12.506555, 48.931277]]]}}, {"type": "Feature", "id": "http://www.semwebtech.org/mondial/rivers/Ob_geom", "name": "Ob Geometry (Ob_geom)", "dateprops": [], "properties": {"http://www.w3.org/2000/01/rdf-schema#label": "Ob Geometry", "http://rdfs.org/ns/void#inDataset.value": "64863"}, "geometry": {"type": "MultiLineString", "coordinates": [[[68.856914, 61.124021], [68.786117, 61.089346], [68.588816, 61.09547], [68.464586, 61.12521], [68.347591, 61.180659], [68.308627, 61.255848], [68.347694, 61.350881], [68.35312, 61.415993], [68.324905, 61.451236], [68.13365, 61.519269], [67.77946, 61.620115], [67.585777, 61.711582], [67.552704, 61.793645], [67.454777, 61.918701], [67.291996, 62.08665], [67.042658, 62.199925], [66.706761, 62.258448], [66.5107, 62.318393], [66.45458, 62.379759], [66.390036, 62.419549], [66.28074, 62.446835], [65.988252, 62.482078], [65.679743, 62.622095], [65.257547, 62.878643], [65.163186, 62.996362], [65.140138, 63.072481], [65.149233, 63.130927], [65.211348, 63.206013], [65.334958, 63.296085], [65.472314, 63.343472], [65.527039, 63.394994], [65.523991, 63.45636], [65.557063, 63.496228], [65.700621, 63.531781], [65.767387, 63.583871], [65.757465, 63.652497], [65.732247, 63.707378], [65.709095, 63.733965], [65.721498, 63.768769], [65.787902, 63.792231], [65.805059, 63.809387], [65.795964, 63.84277], [65.781339, 63.87822], [65.802733, 63.899407], [65.80511, 63.950309], [65.788677, 64.03095], [65.806144, 64.075676], [65.857614, 64.084512], [65.885105, 64.101411], [65.888723, 64.126474], [65.929547, 64.136344], [66.007682, 64.131073], [66.030626, 64.154431], [65.998484, 64.206365], [65.95337, 64.242177], [65.895389, 64.261918], [65.88526, 64.289358], [65.922984, 64.324601], [65.919935, 64.370128], [65.876217, 64.425887], [65.799633, 64.481542], [65.690182, 64.537095], [65.685066, 64.587402], [65.705633, 64.614816], [65.688322, 64.659258], [65.554273, 64.709229], [65.501253, 64.755712], [65.529262, 64.798629], [65.532931, 64.841934], [65.512363, 64.885497], [65.542801, 64.930456], [65.565125, 64.981538], [65.523991, 65.015825], [65.40808, 65.022285], [65.300645, 65.052748], [65.256927, 65.098792], [65.277494, 65.175686], [65.362243, 65.283406], [65.455261, 65.361928], [65.556547, 65.41115], [65.606259, 65.467684], [65.604502, 65.531504], [65.624656, 65.6038], [65.666721, 65.684673], [65.735657, 65.764203], [65.831465, 65.842441], [65.876579, 65.932772], [65.871101, 66.035194], [65.829708, 66.094467], [65.821337, 66.136609], [65.839268, 66.157177], [65.882987, 66.196477], [65.957452, 66.220403], [66.096514, 66.278435], [66.29986, 66.411399], [66.451376, 66.570872], [66.663301, 66.626528], [66.935636, 66.578417], [67.152832, 66.583171], [67.314992, 66.640791]], [[67.314992, 66.640791], [67.572961, 66.628879], [67.926945, 66.547385], [68.197471, 66.537619], [68.384643, 66.599553], [68.496626, 66.655932], [68.533316, 66.706755], [68.655066, 66.751507]], [[67.314992, 66.640791], [67.560404, 66.758871], [67.69223, 66.782901], [67.869377, 66.773392], [68.00694, 66.783805], [68.104815, 66.814139], [68.260774, 66.807499], [68.655066, 66.751507]], [[68.655066, 66.751507], [68.906678, 66.799127], [69.013493, 66.788353]]]}}, {"type": "Feature", "id": "http://www.semwebtech.org/mondial/rivers/Okavango_geom", "name": "Okavango Geometry (Okavango_geom)", "dateprops": [], "properties": {"http://www.w3.org/2000/01/rdf-schema#label": "Okavango Geometry", "http://rdfs.org/ns/void#inDataset.value": "64863"}, "geometry": {"type": "MultiLineString", "coordinates": [[[24.738986, -21.264852], [24.689894, -21.184598], [24.596876, -21.117315], [24.443604, -21.036287], [24.366813, -20.943786], [24.366606, -20.839968], [24.399886, -20.705299], [24.466652, -20.53978], [24.49466, -20.440147], [24.483808, -20.406299], [24.453319, -20.390641], [24.403193, -20.393018], [24.322784, -20.345373], [24.212197, -20.247704], [24.098199, -20.228274], [23.98079, -20.287082], [23.881106, -20.281811], [23.799147, -20.212461], [23.69781, -20.160423], [23.57699, -20.125851], [23.45984, -20.119237], [23.404133, -20.11779], [23.370336, -20.103114], [23.368372, -20.079704], [23.391834, -20.047665], [23.545054, -19.885659], [23.59518, -19.735229], [23.578644, -19.682623]], [[23.354213, -19.555809], [23.434777, -19.622161], [23.578644, -19.682623]], [[23.528414, -19.522426], [23.578644, -19.682623]], [[23.237476, -19.338251], [23.354213, -19.555809]], [[23.237476, -19.338251], [23.29246, -19.387188], [23.369664, -19.405275], [23.437671, -19.44088], [23.525624, -19.52072]], [[22.527132, -18.942254], [22.54248, -19.072014], [22.634722, -19.200326], [22.770941, -19.367758], [22.891916, -19.473385], [22.997646, -19.517361], [23.123995, -19.544802], [23.354213, -19.555809]], [[22.527132, -18.942254], [22.580462, -19.040336], [22.662731, -19.082401], [22.773938, -19.068396], [22.893828, -19.078008], [23.022502, -19.111185], [23.128542, -19.190405], [23.212051, -19.315565], [23.237476, -19.338251]], [[21.503422, -18.060241], [21.637057, -18.096518], [21.737619, -18.185298], [21.849757, -18.338674], [21.937245, -18.41748], [22.000187, -18.421821], [22.087675, -18.517681], [22.199607, -18.705111], [22.316809, -18.822417], [22.439282, -18.869597], [22.527132, -18.942254]]]}}, {"type": "Feature", "id": "http://www.semwebtech.org/mondial/rivers/Vychegda_geom", "name": "Vychegda Geometry (Vychegda_geom)", "dateprops": [], "properties": {"http://www.w3.org/2000/01/rdf-schema#label": "Vychegda Geometry", "http://rdfs.org/ns/void#inDataset.value": "64863"}, "geometry": {"type": "MultiLineString", "coordinates": [[[53.691121, 61.649829], [53.652519, 61.685692], [53.650658, 61.713133], [53.672673, 61.74419], [53.63531, 61.775454], [53.538572, 61.807055], [53.4377, 61.809147], [53.332693, 61.781811], [53.250011, 61.789717], [53.189653, 61.832919], [53.03421, 61.865216], [52.658316, 61.897359], [52.582765, 61.930587], [52.452075, 61.938855], [52.241132, 61.933223], [52.075871, 61.914619], [51.956292, 61.883045], [51.893815, 61.854209], [51.888544, 61.827984], [51.778576, 61.823255], [51.563912, 61.84005], [51.306667, 61.814935], [51.006737, 61.748014], [50.876926, 61.719256], [50.802977, 61.75096], [50.780084, 61.835864], [50.766442, 61.875087], [50.761998, 61.96552], [50.700089, 62.005053], [50.54599, 62.017145], [50.312929, 62.000557], [50.242184, 62.041278], [50.247197, 62.077141], [50.298253, 62.129671], [50.343367, 62.166593], [50.331068, 62.20765], [50.258772, 62.221448], [50.081419, 62.218476], [49.865618, 62.174035], [49.611267, 62.088097], [49.378723, 62.073576], [49.16778, 62.130575], [48.901956, 62.098458], [48.581252, 61.977303], [48.400178, 61.879169], [48.35894, 61.804031], [48.23471, 61.709102], [48.027591, 61.594277], [47.801661, 61.494955], [47.556922, 61.411187], [47.221955, 61.346928], [46.591089, 61.287319]], [[55.397684, 62.362344], [55.182916, 62.437636], [55.015485, 62.43774], [54.908049, 62.461769], [54.8048, 62.509725], [54.727389, 62.505642], [54.675815, 62.449522], [54.567553, 62.421797], [54.402499, 62.422469], [54.297389, 62.397484], [54.252017, 62.346841], [54.223285, 62.298368], [54.211193, 62.252066], [54.235997, 62.164526], [54.297699, 62.035749], [54.39361, 61.944023], [54.523628, 61.889401], [54.66207, 61.857517], [54.808934, 61.848396], [54.891048, 61.797003], [54.908308, 61.703443], [54.905207, 61.648124], [54.881643, 61.631019], [54.12572, 61.532162], [53.8292, 61.538983], [53.68368, 61.649829]]]}}, {"type": "Feature", "id": "http://www.semwebtech.org/mondial/rivers/Kemijoki_geom", "name": "Kemijoki Geometry (Kemijoki_geom)", "dateprops": [], "properties": {"http://www.w3.org/2000/01/rdf-schema#label": "Kemijoki Geometry", "http://rdfs.org/ns/void#inDataset.value": "64863"}, "geometry": {"type": "MultiLineString", "coordinates": [[[27.359498, 66.466977], [27.323532, 66.405534], [27.271132, 66.3729], [27.19031, 66.34856], [26.901025, 66.356002], [26.403278, 66.395172], [26.065934, 66.440854], [25.888994, 66.493099], [25.70854, 66.494184], [25.524675, 66.444239], [25.400135, 66.362616], [25.30257, 66.192652], [24.945847, 66.117722], [24.797846, 66.047597], [24.710564, 65.912101], [24.627985, 65.859184]], [[28.781014, 68.104991], [28.930462, 68.012386], [28.95475, 67.961485], [28.878165, 67.901463], [28.850725, 67.813484], [28.802511, 67.75142], [28.72448, 67.685895], [28.553379, 67.589518], [28.289312, 67.462239], [28.186528, 67.368601], [28.245026, 67.308502], [28.226836, 67.286901], [28.131854, 67.303747], [28.084829, 67.293205], [28.085552, 67.255223], [28.062505, 67.230806], [27.992018, 67.214451], [27.608062, 67.15802], [27.50011, 67.105827], [27.540107, 67.039009], [27.516285, 66.945423], [27.38482, 66.764762]]]}}, {"type": "Feature", "id": "http://www.semwebtech.org/mondial/rivers/Missouri_geom", "name": "Missouri Geometry (Missouri_geom)", "dateprops": [], "properties": {"http://www.w3.org/2000/01/rdf-schema#label": "Missouri Geometry", "http://rdfs.org/ns/void#inDataset.value": "64863"}, "geometry": {"type": "MultiLineString", "coordinates": [[[-98.559663, 43.059878], [-98.14328, 42.852268], [-97.964945, 42.805863], [-97.880919, 42.849581], [-97.69814, 42.874644], [-97.416658, 42.881], [-97.238788, 42.860537], [-97.164477, 42.813201], [-97.019731, 42.760181], [-96.804525, 42.701425], [-96.675541, 42.637604], [-96.632778, 42.568668], [-96.557951, 42.524795], [-96.451006, 42.505985], [-96.38375, 42.417773], [-96.356103, 42.260134], [-96.295331, 42.132907], [-96.201383, 42.036117], [-96.154203, 41.965294], [-96.153764, 41.920439], [-96.131233, 41.872432], [-96.086636, 41.821375], [-96.068808, 41.734326], [-96.077773, 41.611285], [-96.058627, 41.545785], [-96.011395, 41.537878], [-95.990957, 41.520489], [-95.997365, 41.493643], [-95.981578, 41.4738], [-95.94357, 41.460932], [-95.932976, 41.425456], [-95.949719, 41.367424], [-95.936025, 41.330992], [-95.891945, 41.316161], [-95.883625, 41.287558], [-95.911169, 41.245183], [-95.906905, 41.211955], [-95.870887, 41.187822], [-95.846599, 41.080335], [-95.834016, 40.889494], [-95.83815, 40.777744], [-95.859001, 40.74511], [-95.826109, 40.676174], [-95.739551, 40.570857], [-95.684697, 40.466367], [-95.661571, 40.362756], [-95.607104, 40.295474], [-95.521218, 40.264571], [-95.463651, 40.198063], [-95.434298, 40.095977], [-95.362468, 40.010323], [-95.116204, 39.872089], [-95.055536, 39.870797], [-94.984016, 39.891157], [-94.929936, 39.861495], [-94.893298, 39.78181], [-94.898595, 39.74114], [-94.945827, 39.739487], [-95.004764, 39.691557], [-95.075354, 39.597377], [-95.057939, 39.508958], [-94.952519, 39.426379], [-94.882291, 39.343129], [-94.847203, 39.259154], [-94.777853, 39.19399], [-94.622384, 39.124408], [-94.504123, 39.124408], [-94.421182, 39.151099], [-94.334159, 39.204429], [-94.239255, 39.20722], [-94.136471, 39.159496], [-94.028234, 39.153631], [-93.914546, 39.189598], [-93.772953, 39.210992], [-93.603506, 39.217813], [-93.512814, 39.23745], [-93.500851, 39.269851], [-93.46938, 39.27073], [-93.418401, 39.240086], [-93.342979, 39.27011], [-93.24314, 39.360854], [-93.10842, 39.359045], [-92.938818, 39.264684], [-92.876625, 39.192001], [-92.92179, 39.141022], [-92.932591, 39.087124], [-92.909026, 39.030331], [-92.816112, 38.993279], [-92.653951, 38.976019], [-92.502849, 38.890262], [-92.292914, 38.658881], [-92.123648, 38.586095], [-91.978489, 38.597851], [-91.80098, 38.669888], [-91.619053, 38.706268], [-91.432708, 38.70694], [-91.237552, 38.666581], [-91.033585, 38.58519], [-90.871735, 38.578808], [-90.752052, 38.647512], [-90.660946, 38.681464], [-90.598418, 38.680637], [-90.512738, 38.731719], [-90.40383, 38.83471], [-90.316394, 38.859515], [-90.256423, 38.844968], [-90.133123, 38.819026]], [[-100.394125, 44.435531], [-100.372498, 44.41486], [-100.344541, 44.373984], [-100.225401, 44.328767], [-100.019445, 44.285669], [-99.922448, 44.244535], [-99.934437, 44.205364], [-99.921337, 44.171154], [-99.883174, 44.141802], [-99.804264, 44.122475], [-99.684685, 44.113122], [-99.646987, 44.132087], [-99.69117, 44.179267], [-99.684246, 44.204589], [-99.626213, 44.208], [-99.587482, 44.178182], [-99.568103, 44.115085], [-99.509889, 44.060308], [-99.36442, 43.990597]], [[-111.698758, 46.662682], [-111.758134, 46.670692], [-111.813686, 46.711077], [-111.885206, 46.786473], [-111.913344, 46.837012], [-111.898151, 46.862721], [-111.91908, 46.916051], [-111.976131, 46.99708], [-111.989309, 47.057076], [-111.958716, 47.096118], [-111.616076, 47.341503], [-111.453889, 47.415091], [-111.347746, 47.41168], [-111.292969, 47.439482], [-111.289506, 47.498496], [-111.237365, 47.541129], [-111.136596, 47.567381], [-111.036783, 47.632338], [-110.9379, 47.736053], [-110.856406, 47.784164], [-110.792327, 47.776774], [-110.617196, 47.843488], [-110.331012, 47.984307], [-110.166681, 48.043476], [-110.124203, 48.020945], [-110.089425, 47.968028], [-110.062346, 47.884778], [-109.994702, 47.816048], [-109.886465, 47.761891], [-109.609428, 47.754605], [-109.163641, 47.794241], [-108.934611, 47.795248], [-108.922338, 47.75768], [-108.87353, 47.718276], [-108.78816, 47.677038], [-108.606776, 47.642725], [-108.190626, 47.601772]], [[-101.399671, 47.506196], [-101.422615, 47.484389], [-101.407319, 47.431188], [-101.361534, 47.339281], [-101.247613, 47.282179], [-101.065531, 47.259777], [-100.978766, 47.231019], [-100.987345, 47.195879], [-100.966726, 47.147923], [-100.916858, 47.087204], [-100.901562, 47.034468], [-100.920785, 46.989768], [-100.892079, 46.904011], [-100.777125, 46.713764]], [[-106.405825, 48.020738], [-106.366706, 48.057868], [-106.220979, 48.057713], [-105.955672, 48.03265], [-105.729226, 48.042132], [-105.541718, 48.086109], [-105.340231, 48.099778], [-105.124766, 48.083086], [-104.977799, 48.095204], [-104.89925, 48.136184], [-104.749518, 48.149981], [-104.52855, 48.136649], [-104.277402, 48.093292], [-103.996076, 48.01986], [-103.834638, 47.994177], [-103.772317, 48.027301]]]}}, {"type": "Feature", "id": "http://www.semwebtech.org/mondial/rivers/Semliki_geom", "name": "Semliki Geometry (Semliki_geom)", "dateprops": [], "properties": {"http://www.w3.org/2000/01/rdf-schema#label": "Semliki Geometry", "http://rdfs.org/ns/void#inDataset.value": "64863"}, "geometry": {"type": "MultiLineString", "coordinates": [[[29.83821, -1.200392], [29.781986, -1.141274], [29.696823, -1.148922], [29.563808, -1.203544], [29.475855, -1.220287], [29.432963, -1.199048], [29.396738, -1.15812], [29.367283, -1.097555], [29.377463, -0.952138], [29.452187, -0.606939]], [[29.597191, -0.134152], [29.638222, 0.113017], [29.613624, 0.233526], [29.537143, 0.309645], [29.533888, 0.386385], [29.603857, 0.463693], [29.660753, 0.558674], [29.704678, 0.671277], [29.833508, 0.772873], [30.047345, 0.863513], [30.182892, 0.973481], [30.240149, 1.102775], [30.321075, 1.185303], [30.477861, 1.238839]]]}}, {"type": "Feature", "id": "http://www.semwebtech.org/mondial/rivers/Mississippi_geom", "name": "Mississippi Geometry (Mississippi_geom)", "dateprops": [], "properties": {"http://www.w3.org/2000/01/rdf-schema#label": "Mississippi Geometry", "http://rdfs.org/ns/void#inDataset.value": "64863"}, "geometry": {"type": "MultiLineString", "coordinates": [[[-89.376141, 28.981332], [-89.25713, 29.154913], [-89.01575, 29.202869]], [[-89.260954, 29.155146], [-89.288601, 29.177522]], [[-89.288601, 29.177522], [-89.180778, 29.335703]], [[-89.288601, 29.177522], [-89.433063, 29.294388], [-89.519052, 29.347305], [-89.615584, 29.386992], [-89.665968, 29.415595], [-89.669689, 29.4435], [-89.71364, 29.485642], [-89.758004, 29.505538], [-89.869315, 29.608193], [-89.972875, 29.688808], [-90.006981, 29.753895], [-90.01158, 29.810894], [-89.986724, 29.85978], [-89.958095, 29.875644], [-89.931947, 29.87766], [-89.922697, 29.888279], [-89.922542, 29.90293], [-89.932515, 29.913859], [-90.041449, 29.932023], [-90.249602, 29.942772], [-90.39042, 29.976], [-90.463956, 30.031656], [-90.58183, 30.04752], [-90.744094, 30.023491], [-90.849229, 30.040337], [-90.878246, 30.075219], [-90.897211, 30.09806], [-90.944159, 30.126714], [-90.990048, 30.126378], [-91.021131, 30.147101], [-91.037719, 30.181285], [-91.074461, 30.203583], [-91.109885, 30.208828], [-91.133476, 30.227199], [-91.129522, 30.24818], [-91.147893, 30.267817], [-91.17939, 30.284896], [-91.191198, 30.307194], [-91.187245, 30.328175], [-91.195126, 30.351791], [-91.225615, 30.368431], [-91.235278, 30.402486], [-91.217915, 30.479458], [-91.226442, 30.504857], [-91.258068, 30.53408], [-91.257034, 30.565215], [-91.276025, 30.614566], [-91.338321, 30.706188], [-91.387672, 30.743808], [-91.422657, 30.753343], [-91.529085, 30.755978], [-91.557067, 30.780034], [-91.546603, 30.814734], [-91.523271, 30.853776], [-91.526372, 30.871036], [-91.545595, 30.908346], [-91.618356, 30.938112], [-91.646287, 30.952426], [-91.659697, 30.972012], [-91.657216, 30.995989], [-91.652617, 31.029553], [-91.611043, 31.0649], [-91.596367, 31.10991], [-91.63081, 31.217604], [-91.618252, 31.276954], [-91.558695, 31.28791], [-91.528955, 31.345193], [-91.529007, 31.448753], [-91.505727, 31.518697], [-91.459089, 31.554973], [-91.414699, 31.639981], [-91.372531, 31.77372], [-91.28649, 31.883971], [-91.156523, 31.970685], [-91.092548, 32.045848], [-91.088698, 32.104139], [-91.07459, 32.131321], [-91.048158, 32.145919], [-91.004595, 32.185581], [-90.947725, 32.240074], [-90.937648, 32.277332], [-90.940438, 32.303093], [-90.944702, 32.330714], [-90.990022, 32.381047], [-91.059268, 32.423758], [-91.103813, 32.490498], [-91.100816, 32.541373], [-91.116112, 32.586228], [-91.14965, 32.625012], [-91.142416, 32.66103], [-91.094357, 32.694258], [-91.092083, 32.725858], [-91.135594, 32.755779], [-91.13606, 32.80885], [-91.093375, 32.885021], [-91.096088, 32.93768], [-91.144173, 32.966877], [-91.152854, 33.040568], [-91.106785, 33.217921], [-91.117301, 33.240814], [-91.163345, 33.294454], [-91.168461, 33.359463], [-91.14102, 33.438502], [-91.154327, 33.500204], [-91.192955, 33.522528], [-91.202722, 33.546971], [-91.214582, 33.583403], [-91.172724, 33.616682], [-91.170373, 33.647456], [-91.207476, 33.675671], [-91.184119, 33.715668], [-91.100299, 33.767448], [-91.077148, 33.796697], [-91.052705, 33.8276], [-91.038184, 33.901394], [-91.05007, 33.945163], [-91.070172, 33.974206], [-91.060354, 33.989295], [-91.043145, 34.00286], [-90.9431, 34.02968], [-90.914729, 34.04862], [-90.908787, 34.071564], [-90.940258, 34.128563], [-90.909717, 34.188766], [-90.817216, 34.252225], [-90.768123, 34.308113], [-90.762336, 34.35643], [-90.718101, 34.3917], [-90.635418, 34.413869], [-90.584, 34.503708], [-90.563846, 34.661166], [-90.539248, 34.728165], [-90.49721, 34.738087], [-90.474756, 34.760049], [-90.467573, 34.805266], [-90.415948, 34.85162], [-90.319934, 34.899162], [-90.282106, 34.945309], [-90.293424, 34.970062], [-90.29376, 35.004479], [-90.255958, 35.046388], [-90.14227, 35.114291], [-90.092919, 35.203588], [-90.107879, 35.314201], [-90.066021, 35.414118], [-89.967345, 35.503311], [-89.926521, 35.591652], [-89.943497, 35.67914], [-89.894559, 35.750505], [-89.779657, 35.805748], [-89.763585, 35.828046], [-89.768107, 35.845254], [-89.769941, 35.864297], [-89.768934, 35.8721], [-89.763585, 35.888766], [-89.738212, 35.898739], [-89.70377, 35.906904], [-89.688913, 35.92096], [-89.689171, 35.943594], [-89.709325, 35.983049], [-89.697698, 36.030308], [-89.641887, 36.104515], [-89.634136, 36.167922], [-89.674547, 36.22058], [-89.654083, 36.247969], [-89.627986, 36.255255], [-89.594629, 36.259441], [-89.583544, 36.272231], [-89.583544, 36.287656], [-89.611708, 36.321969], [-89.604086, 36.351916], [-89.555277, 36.372922], [-89.540601, 36.426666], [-89.560032, 36.513095], [-89.555484, 36.540767], [-89.549645, 36.553066], [-89.535589, 36.555288], [-89.519517, 36.554823], [-89.496831, 36.52883], [-89.485385, 36.498134], [-89.471484, 36.488884], [-89.451821, 36.497514], [-89.397458, 36.587793], [-89.351311, 36.611202], [-89.330537, 36.615905], [-89.280126, 36.60004], [-89.256123, 36.594407], [-89.203051, 36.625517], [-89.156335, 36.715718], [-89.129515, 36.811061], [-89.122487, 36.911597], [-89.15432, 36.992109], [-89.22491, 37.052674], [-89.272401, 37.079985], [-89.28147, 37.077789], [-89.291676, 37.070657], [-89.29581, 37.051641], [-89.293252, 37.038179], [-89.285888, 37.022702], [-89.290022, 37.01278], [-89.300823, 37.012056], [-89.351879, 37.035517], [-89.413942, 37.102413], [-89.48691, 37.212742], [-89.502929, 37.300514], [-89.461976, 37.365678], [-89.461976, 37.434124], [-89.502929, 37.505799], [-89.523419, 37.57595], [-89.523419, 37.644524], [-89.623284, 37.747257], [-89.822961, 37.884096], [-89.969826, 37.968535], [-90.063877, 38.000523], [-90.173586, 38.069046], [-90.299005, 38.174001], [-90.365771, 38.254254], [-90.373987, 38.309755], [-90.316601, 38.457808], [-90.150745, 38.780527], [-90.132193, 38.818639], [-90.126767, 38.832617], [-90.134209, 38.846673], [-90.149918, 38.859902], [-90.220069, 38.897678], [-90.35435, 38.930208], [-90.47796, 38.948114], [-90.577076, 38.909615], [-90.66353, 38.987491], [-90.737221, 39.181795], [-90.91938, 39.386899], [-91.209905, 39.602803], [-91.378732, 39.749409], [-91.425861, 39.82682], [-91.466815, 39.942859], [-91.501644, 40.097527], [-91.499784, 40.22602], [-91.441958, 40.379448], [-91.390773, 40.397121], [-91.380541, 40.447557], [-91.394183, 40.536647], [-91.339045, 40.603982], [-91.215124, 40.64956], [-91.102134, 40.749787], [-91.000125, 40.904687], [-90.954003, 41.015585], [-90.963822, 41.082531], [-91.001339, 41.145964], [-91.066503, 41.205909], [-91.082109, 41.280323], [-91.048106, 41.369103], [-90.938759, 41.425585], [-90.754067, 41.449822], [-90.586739, 41.494729], [-90.436671, 41.560358], [-90.347529, 41.632033], [-90.319236, 41.709651], [-90.276009, 41.770009], [-90.217769, 41.813107], [-90.176609, 41.883645], [-90.15245, 41.98152], [-90.149427, 42.053712], [-90.167514, 42.100299], [-90.233221, 42.154016], [-90.346573, 42.21484], [-90.410497, 42.272071], [-90.425044, 42.32566], [-90.48473, 42.383253], [-90.589633, 42.4448], [-90.657329, 42.520506], [-90.68787, 42.610319], [-90.788742, 42.67693], [-90.959946, 42.720338], [-91.069578, 42.788551], [-91.117585, 42.881646], [-91.148152, 42.986214], [-91.161329, 43.102331], [-91.147583, 43.199586], [-91.106966, 43.278031], [-91.117198, 43.331154], [-91.178357, 43.35893], [-91.21869, 43.395284], [-91.238276, 43.440243], [-91.278428, 43.79743], [-91.319924, 43.936285], [-91.382685, 43.990804], [-91.514848, 44.054211], [-91.716438, 44.126454], [-91.840978, 44.19415], [-91.912291, 44.288873], [-92.055125, 44.399822], [-92.148582, 44.445246], [-92.240307, 44.462144], [-92.313094, 44.497801], [-92.36694, 44.552268], [-92.441587, 44.586581], [-92.537033, 44.600792], [-92.643539, 44.645337], [-92.819884, 44.757785], [-92.962563, 44.790186], [-93.030207, 44.838142], [-93.070412, 44.912401], [-93.118755, 44.937464], [-93.175237, 44.913228], [-93.232495, 44.963044], [-93.290528, 45.086912], [-93.348999, 45.166649], [-93.407859, 45.202357], [-93.935863, 45.388651], [-94.062987, 45.439191], [-94.133293, 45.496345], [-94.189207, 45.577037], [-94.211996, 45.632125], [-94.201712, 45.661632], [-94.237782, 45.713825], [-94.320155, 45.78873], [-94.370539, 45.852809], [-94.388833, 45.906061], [-94.386404, 45.972078], [-94.363149, 46.050833], [-94.365785, 46.124885], [-94.394233, 46.194287], [-94.333461, 46.284462], [-94.183445, 46.395515], [-94.091383, 46.481737], [-94.057225, 46.54318], [-93.959479, 46.568786], [-93.798093, 46.558554], [-93.691795, 46.58602], [-93.64061, 46.651184], [-93.572035, 46.697563], [-93.486045, 46.72521], [-93.403673, 46.807427], [-93.324815, 46.944318], [-93.309157, 47.023177], [-93.356596, 47.044054], [-93.401864, 47.089736], [-93.444937, 47.160119], [-93.50855, 47.211279], [-93.592757, 47.243163], [-93.676111, 47.248899], [-93.75869, 47.228435], [-93.798248, 47.242233], [-93.794838, 47.290318], [-93.828944, 47.31166], [-93.900568, 47.306234], [-93.975835, 47.335845], [-94.094122, 47.43279]], [[-95.025822, 47.156114], [-94.9681, 47.3175], [-94.877071, 47.451419], [-94.794286, 47.482063], [-94.63706, 47.439999]], [[-94.50774, 47.456535], [-94.326485, 47.405634]]]}}, {"type": "Feature", "id": "http://www.semwebtech.org/mondial/rivers/Tisza_geom", "name": "Tisza Geometry (Tisza_geom)", "dateprops": [], "properties": {"http://www.w3.org/2000/01/rdf-schema#label": "Tisza Geometry", "http://rdfs.org/ns/void#inDataset.value": "64863"}, "geometry": {"type": "MultiLineString", "coordinates": [[[21.346429, 48.026319], [21.181633, 48.005804], [21.103498, 47.944206], [21.057092, 47.834652], [20.871212, 47.689958], [20.545754, 47.510124], [20.400026, 47.382224], [20.43403, 47.30626], [20.426278, 47.26957], [20.376772, 47.272154], [20.305975, 47.24151], [20.213785, 47.177741], [20.174717, 47.11914], [20.188773, 47.065706], [20.21797, 47.037543], [20.192081, 47.009896], [20.155029, 46.979613], [20.143505, 46.938531], [20.124694, 46.911711], [20.066093, 46.873547], [20.079736, 46.810941], [20.165622, 46.723918], [20.191564, 46.652863], [20.157457, 46.597725], [20.162728, 46.500108], [20.20748, 46.360013], [20.217092, 46.282653], [20.178851, 46.260846]], [[24.255605, 48.321754], [24.337874, 48.2939], [24.3325, 48.234162], [24.234314, 48.08275], [24.169719, 47.954954], [24.001822, 47.935782], [23.709023, 47.982601], [23.477306, 48.049212], [23.306671, 48.135667], [23.146112, 48.154529], [22.995527, 48.105746], [22.885146, 48.09138], [22.81497, 48.111482], [22.70154, 48.107012], [22.54496, 48.078022], [22.419541, 48.095359], [22.32518, 48.158973], [22.276346, 48.244032], [22.272935, 48.350486], [22.253763, 48.407381], [22.218934, 48.41472], [22.133254, 48.37374], [21.996828, 48.284495], [21.868981, 48.22176], [21.749815, 48.185586], [21.636644, 48.169928], [21.529673, 48.17476], [21.465181, 48.145537], [21.443374, 48.082233], [21.409061, 48.044535], [21.338987, 48.026319]]]}}, {"type": "Feature", "id": "http://www.semwebtech.org/mondial/rivers/Han_geom", "name": "Han Geometry (Han_geom)", "dateprops": [], "properties": {"http://www.w3.org/2000/01/rdf-schema#label": "Han Geometry", "http://rdfs.org/ns/void#inDataset.value": "64863"}, "geometry": {"type": "MultiLineString", "coordinates": [[[111.477671, 32.567806], [111.602212, 32.467579], [111.642157, 32.407428], [111.638953, 32.353994], [111.68479, 32.265111], [111.779668, 32.140881], [111.918575, 32.064555], [112.101406, 32.036184], [112.188946, 31.965801], [112.181194, 31.853457], [112.225429, 31.771084], [112.321651, 31.718684], [112.390484, 31.656931], [112.431722, 31.585824], [112.440403, 31.496088], [112.416529, 31.387697], [112.433582, 31.307753], [112.520605, 31.230497], [112.555848, 31.21918], [112.571765, 31.183084], [112.580136, 31.118463], [112.568561, 31.096345], [112.539467, 31.077483], [112.523086, 31.039036], [112.555848, 30.938784], [112.598843, 30.874808], [112.633725, 30.847911], [112.632019, 30.815355], [112.621943, 30.786545], [112.604838, 30.712984], [112.627265, 30.67017], [112.688967, 30.658077], [112.713048, 30.62702], [112.707364, 30.601182], [112.715942, 30.575473], [112.753666, 30.572036], [112.797177, 30.56413], [112.848854, 30.518758], [112.885647, 30.515347], [112.972981, 30.530927], [113.072613, 30.474962], [113.209659, 30.430443], [113.380914, 30.406826], [113.511707, 30.442845], [113.601934, 30.538446], [113.672369, 30.596634], [113.768798, 30.62609], [113.801457, 30.622343], [113.837992, 30.630017], [113.860472, 30.644435], [113.900469, 30.636683], [113.925687, 30.644331], [113.938555, 30.659834], [113.964135, 30.657406], [114.009403, 30.614514], [114.096426, 30.58635], [114.288456, 30.572088]], [[106.398498, 33.067723], [106.676207, 33.142215], [106.831702, 33.134102], [106.931024, 33.101675], [107.026005, 33.042221], [107.188838, 33.063202], [107.419624, 33.164617], [107.596048, 33.200454], [107.718108, 33.17074], [107.806578, 33.177794], [107.861355, 33.221642], [107.905486, 33.234302], [107.938973, 33.215699], [107.955974, 33.17503], [107.956491, 33.112191], [108.036331, 33.062013], [108.195494, 33.024444], [108.265671, 32.964112], [108.247016, 32.880991], [108.287685, 32.810685], [108.387731, 32.753221], [108.410778, 32.734126], [108.410778, 32.709167], [108.425144, 32.665448], [108.512168, 32.549771], [108.650919, 32.506233], [108.71784, 32.527576], [108.759078, 32.599277], [108.782332, 32.613513], [108.797732, 32.617389], [108.818609, 32.608811], [108.835765, 32.602506], [108.854731, 32.607571], [108.922168, 32.635889], [109.063245, 32.734591], [109.17497, 32.774925], [109.257342, 32.756864], [109.324728, 32.778], [109.377231, 32.838332], [109.487405, 32.885538], [109.715505, 32.934062], [109.739276, 32.93675], [109.766768, 32.934062], [110.140492, 32.824896], [110.305133, 32.806938], [110.366835, 32.840993], [110.47458, 32.843422], [110.628266, 32.814225], [110.715341, 32.815103], [110.735804, 32.846161], [110.807841, 32.848021], [110.931348, 32.820684], [110.966901, 32.787663], [110.968607, 32.771075], [111.000078, 32.740689]]]}}, {"type": "Feature", "id": "http://www.semwebtech.org/mondial/rivers/Blue+Nile_geom", "name": "Blue+Nile Geometry (Blue+Nile_geom)", "dateprops": [], "properties": {"http://www.w3.org/2000/01/rdf-schema#label": "Blue+Nile Geometry", "http://rdfs.org/ns/void#inDataset.value": "64863"}, "geometry": {"type": "MultiLineString", "coordinates": [[[35.353377, 10.155091], [35.342577, 10.186665], [35.293174, 10.411148], [35.242325, 10.517084], [35.147447, 10.572843], [35.181657, 10.974447], [35.161038, 11.139605], [35.097062, 11.202159], [34.993193, 11.249184], [34.777547, 11.296443]], [[34.379638, 11.78308], [34.323983, 12.048205], [34.317161, 12.193778], [34.340623, 12.308112], [34.301142, 12.402835], [34.198719, 12.477947], [34.15712, 12.534274], [34.176447, 12.571894], [34.175206, 12.636723], [34.153502, 12.728758], [34.116812, 12.804283], [34.065239, 12.86335], [34.039711, 12.872031], [34.000023, 12.901797], [33.981316, 12.958253], [33.960956, 13.14403], [33.930415, 13.257977], [33.889797, 13.300093], [33.827579, 13.325492], [33.74376, 13.334173], [33.692032, 13.380915], [33.672291, 13.46569], [33.639373, 13.529562], [33.593175, 13.572531], [33.582374, 13.618962], [33.606869, 13.668882], [33.602115, 13.708259], [33.577517, 13.733581], [33.580824, 13.755905], [33.596534, 13.771614], [33.599014, 13.793112], [33.580256, 13.819208], [33.574209, 13.839414], [33.581444, 13.855976], [33.595707, 13.866699], [33.603665, 13.887421], [33.591366, 13.937341], [33.609143, 14.01129], [33.657202, 14.109217], [33.566355, 14.344164], [33.336601, 14.716079], [33.210717, 14.955883], [33.1886, 15.063577], [33.133823, 15.159514], [33.04649, 15.243695], [32.949131, 15.30364], [32.841954, 15.339374], [32.734984, 15.422573], [32.628427, 15.553211], [32.553548, 15.622044], [32.490141, 15.63455]]]}}, {"type": "Feature", "id": "http://www.semwebtech.org/mondial/rivers/Pechora_geom", "name": "Pechora Geometry (Pechora_geom)", "dateprops": [], "properties": {"http://www.w3.org/2000/01/rdf-schema#label": "Pechora Geometry", "http://rdfs.org/ns/void#inDataset.value": "64863"}, "geometry": {"type": "MultiLineString", "coordinates": [[[59.286955, 62.057504], [59.175231, 62.022003], [59.076012, 62.021899], [58.889873, 62.057091], [58.777426, 61.996009], [58.639139, 62.008153], [58.437705, 62.073214], [58.23379, 62.066574], [58.027497, 61.988284], [57.90921, 61.912733], [57.878927, 61.839921], [57.827819, 61.806357], [57.755989, 61.812093], [57.61729, 61.783309], [57.411928, 61.720109], [57.228683, 61.698818], [57.009316, 61.727783], [56.961929, 61.763052], [56.882037, 61.796538], [56.857388, 61.802559], [56.841936, 61.815607], [56.850618, 61.845786], [56.836407, 61.902837], [56.795996, 61.984279], [56.729282, 62.049443], [56.666443, 62.082464], [56.640915, 62.100241], [56.631148, 62.129955], [56.630166, 62.159772], [56.643861, 62.177549], [56.699516, 62.233928], [56.726233, 62.343792], [56.706493, 62.489468], [56.625412, 62.595327], [56.482992, 62.661421], [56.360312, 62.701212], [56.257373, 62.714699], [56.212828, 62.753328], [56.226574, 62.817096], [56.200942, 62.884198], [56.10317, 62.989851], [55.936255, 63.160176], [55.941061, 63.190562], [55.955892, 63.209062], [55.992893, 63.220172], [56.056145, 63.195781], [56.173605, 63.22242], [56.291531, 63.289755], [56.370492, 63.305309], [56.418655, 63.312725], [56.440824, 63.349725], [56.444545, 63.383057], [56.470435, 63.416362], [56.518597, 63.427472], [56.540818, 63.442278], [56.529707, 63.464499], [56.477876, 63.501525], [56.466766, 63.538551], [56.504386, 63.566353], [56.555959, 63.589194], [56.639055, 63.660972], [56.711712, 63.762982], [56.943997, 63.839308], [57.336015, 63.889951], [57.469547, 63.912327], [57.506547, 63.941937], [57.511353, 63.986431], [57.524996, 64.017126], [57.5837, 64.051775], [57.602769, 64.089938], [57.577344, 64.123451], [57.581064, 64.160477], [57.558844, 64.197477], [57.564993, 64.231403], [57.579152, 64.258094], [57.623801, 64.289565], [57.63827, 64.32517], [57.672687, 64.339587], [57.715785, 64.372841], [57.729583, 64.396741], [57.772681, 64.411056], [57.782809, 64.442914], [57.786685, 64.474049], [57.793041, 64.49596], [57.80534, 64.534718], [57.807252, 64.579004], [57.827716, 64.6513], [57.879289, 64.74039], [57.843994, 64.805709], [57.721934, 64.84736], [57.608143, 64.907976], [57.50262, 64.987558], [57.400352, 65.029416], [57.301237, 65.033653], [57.256278, 65.059957], [57.26527, 65.108352], [57.202535, 65.137368], [57.067969, 65.146928], [57.016086, 65.241341], [57.046989, 65.420503], [56.967407, 65.567678], [56.777444, 65.682813], [56.744216, 65.78906], [56.776514, 65.846834], [56.833875, 65.911791], [56.837389, 65.970754], [56.805608, 66.002587], [56.73569, 66.032507], [56.621175, 66.121597], [56.491157, 66.257351], [56.283314, 66.325409], [55.997544, 66.325668], [55.762519, 66.301586], [55.411843, 66.199861], [55.263945, 66.141855], [55.170927, 66.064702], [55.132894, 65.96848], [55.092689, 65.909698], [55.029024, 65.87784], [54.836322, 65.752008], [54.710697, 65.702166], [54.58781, 65.68643], [54.455829, 65.624522], [54.314649, 65.516415], [54.103189, 65.457917], [53.821552, 65.449003], [53.588233, 65.416653], [53.403335, 65.360894], [53.193529, 65.332705], [52.958814, 65.332137], [52.669891, 65.357251], [52.326657, 65.408153], [52.153437, 65.466392], [52.150026, 65.532021], [52.178655, 65.629457], [52.239323, 65.758725], [52.348877, 65.868848], [52.507421, 65.959695], [52.567055, 66.019743], [52.527885, 66.048992], [52.507369, 66.110952], [52.505612, 66.205623], [52.486853, 66.286549], [52.451197, 66.35378], [52.454297, 66.404164], [52.496362, 66.437702], [52.504113, 66.474392], [52.477552, 66.514183], [52.470834, 66.555705], [52.483753, 66.598958], [52.4513, 66.650532], [52.373372, 66.710425], [52.353735, 66.831425], [52.392492, 67.013584], [52.380503, 67.114818], [52.286659, 67.145359], [52.168682, 67.259719], [52.131526, 67.318062], [52.13597, 67.358473], [52.17018, 67.395835], [52.234156, 67.4302], [52.230848, 67.455935], [52.160155, 67.473194], [52.125842, 67.506939], [52.127909, 67.557169], [52.246971, 67.614064], [52.483029, 67.677678], [52.627465, 67.699124]], [[52.627465, 67.699124], [52.743324, 67.754702], [53.106712, 67.864256]], [[52.627465, 67.699124], [52.680278, 67.678402], [52.812673, 67.673234], [53.02465, 67.683621], [53.184175, 67.733747], [53.291352, 67.823612], [53.513819, 67.910868], [53.85168, 67.995488], [54.067119, 68.080651], [54.206645, 68.209248], [54.232897, 68.266299]], [[53.106712, 67.864256], [53.214716, 67.932701], [53.084595, 67.965206], [53.027286, 68.010733], [53.042789, 68.069179], [53.09338, 68.118065], [53.179059, 68.157339], [53.226602, 68.195838], [53.24226, 68.241804], [53.261897, 68.270381]], [[53.91364, 68.231184], [53.749154, 68.175115], [53.672311, 68.125248], [53.621048, 68.056518], [53.494544, 67.986652], [53.19203, 67.880146], [53.106712, 67.864256]]]}}, {"type": "Feature", "id": "http://www.semwebtech.org/mondial/rivers/Orinoco_geom", "name": "Orinoco Geometry (Orinoco_geom)", "dateprops": [], "properties": {"http://www.w3.org/2000/01/rdf-schema#label": "Orinoco Geometry", "http://rdfs.org/ns/void#inDataset.value": "64863"}, "geometry": {"type": "MultiLineString", "coordinates": [[[-63.435942, 2.374067], [-63.640529, 2.312366], [-63.731996, 2.25826], [-63.77853, 2.191159], [-63.849069, 2.15638], [-63.990843, 2.152711], [-64.278526, 2.265366], [-64.407975, 2.292289], [-64.475, 2.27105], [-64.67969, 2.32575], [-65.021995, 2.456388], [-65.196144, 2.587284], [-65.202242, 2.718336], [-65.246038, 2.817787], [-65.327583, 2.885638], [-65.392928, 2.965892], [-65.442124, 3.058547], [-65.490028, 3.117381], [-65.53664, 3.142392], [-65.613018, 3.151617], [-65.772233, 3.14185], [-65.942145, 3.16234], [-66.011133, 3.130223], [-66.035835, 3.052372], [-66.128697, 3.024105], [-66.289669, 3.045499], [-66.413408, 3.091259], [-66.499889, 3.161409], [-66.555751, 3.236909], [-66.581073, 3.317731], [-66.64541, 3.420205], [-66.800594, 3.606266], [-66.946167, 3.70595], [-67.001615, 3.7915], [-67.015387, 3.896197], [-67.115536, 3.94777], [-67.302062, 3.946168], [-67.479571, 3.980688], [-67.732346, 4.086521], [-67.783221, 4.19822], [-67.798621, 4.283873], [-67.795417, 4.380715], [-67.814305, 4.455077], [-67.855258, 4.506883], [-67.855258, 4.665478], [-67.814305, 4.93081], [-67.804202, 5.132504], [-67.824924, 5.27048], [-67.788415, 5.375486], [-67.694648, 5.447523], [-67.6423, 5.558782], [-67.631344, 5.709368], [-67.575224, 5.833081], [-67.473886, 5.929974], [-67.439366, 6.025524], [-67.471613, 6.119782], [-67.422546, 6.202309], [-67.400299, 6.239826], [-67.225374, 6.385657], [-67.118947, 6.556784], [-67.061999, 6.851417], [-67.071224, 7.033189], [-66.959396, 7.151063], [-66.729565, 7.265603], [-66.563451, 7.395828], [-66.461028, 7.541659], [-66.297317, 7.628811], [-66.072318, 7.657233], [-65.912018, 7.713845], [-65.768616, 7.840995], [-65.640613, 7.89249], [-65.518011, 7.90081], [-65.358124, 7.883059], [-65.220613, 7.857195], [-65.105478, 7.823192], [-65.004218, 7.771128], [-64.92846, 7.710305], [-64.903707, 7.681237], [-64.887171, 7.668008], [-64.873192, 7.666018], [-64.854098, 7.668008], [-64.837561, 7.670488], [-64.787125, 7.685371], [-64.74165, 7.709452], [-64.58998, 7.759553], [-64.509855, 7.824355], [-64.538381, 7.89156], [-64.545435, 7.942926], [-64.530965, 7.978454], [-64.480942, 7.999383], [-64.395315, 8.005713], [-64.330822, 8.027727], [-64.287517, 8.065399], [-64.22163, 8.056873], [-64.154606, 8.005351], [-64.114091, 7.980547], [-64.089002, 7.974837], [-64.049599, 7.971452], [-63.993091, 7.973881], [-63.92387, 8.012896], [-63.849353, 8.091548], [-63.7275, 8.135731], [-63.558311, 8.145343], [-63.398941, 8.190973], [-63.249493, 8.27257], [-63.100872, 8.30355], [-62.953103, 8.283887], [-62.791097, 8.333859], [-62.614803, 8.453541], [-62.429336, 8.553277], [-62.234723, 8.633065], [-62.152015, 8.642031]], [[-62.152015, 8.642031], [-62.092303, 8.648465], [-62.002076, 8.599527], [-61.880326, 8.582112], [-61.650392, 8.603299], [-61.618688, 8.597486], [-61.394903, 8.774219], [-61.098849, 8.941315]], [[-62.063312, 9.036322], [-62.077316, 8.975292], [-62.064707, 8.928448], [-62.025485, 8.895788], [-62.038766, 8.827834], [-62.13739, 8.672959], [-62.152015, 8.642031]], [[-61.735968, 9.631195], [-61.742712, 9.603213], [-61.848545, 9.288555], [-61.923941, 9.151535], [-62.044373, 9.055158], [-62.063312, 9.036322]], [[-62.299783, 9.788188], [-62.309395, 9.747726], [-62.325699, 9.720518], [-62.414221, 9.562052], [-62.388202, 9.421079], [-62.277098, 9.244759], [-62.180256, 9.134171], [-62.097625, 9.089265], [-62.063312, 9.036322]]]}}, {"type": "Feature", "id": "http://www.semwebtech.org/mondial/rivers/Xingu_geom", "name": "Xingu Geometry (Xingu_geom)", "dateprops": [], "properties": {"http://www.w3.org/2000/01/rdf-schema#label": "Xingu Geometry", "http://rdfs.org/ns/void#inDataset.value": "64863"}, "geometry": {"type": "MultiLineString", "coordinates": [[[-53.444097, -11.443694], [-53.305397, -11.297966], [-53.273358, -11.174563], [-53.301831, -11.024908], [-53.26602, -10.917318], [-53.165974, -10.851999], [-53.101275, -10.706065], [-53.071949, -10.479722], [-53.032339, -10.342986], [-52.982419, -10.296012], [-52.971955, -10.250485], [-53.000894, -10.206457], [-53.010841, -10.154574], [-53.001772, -10.094887], [-52.944644, -10.004712], [-52.839431, -9.884099], [-52.754681, -9.807618], [-52.690473, -9.775372], [-52.635541, -9.715479], [-52.589885, -9.627887], [-52.479504, -9.595951], [-52.304321, -9.619568], [-52.205025, -9.584634], [-52.181641, -9.491152], [-52.132575, -9.400098], [-52.057851, -9.311421], [-52.035966, -9.236697], [-52.066946, -9.175719], [-52.083327, -9.085182], [-52.085162, -8.965034], [-52.131541, -8.877856], [-52.222492, -8.823802], [-52.292487, -8.745564], [-52.341528, -8.643245], [-52.412532, -8.580716], [-52.505446, -8.557824], [-52.572109, -8.522012], [-52.612468, -8.473229], [-52.636859, -8.400159], [-52.645231, -8.3028], [-52.688122, -8.167098], [-52.76543, -7.992845], [-52.742176, -7.725678], [-52.618256, -7.365442], [-52.513068, -7.131037], [-52.426639, -7.022413], [-52.310161, -6.953735], [-52.163632, -6.925003], [-52.063871, -6.862578], [-52.010799, -6.766667], [-52.010644, -6.67706], [-52.063302, -6.593964], [-52.131877, -6.547972], [-52.216368, -6.539084], [-52.301427, -6.483325], [-52.387055, -6.380592], [-52.435011, -6.289797], [-52.450385, -6.171561], [-52.512293, -6.089189], [-52.53379, -6.008625], [-52.535522, -5.90243], [-52.580015, -5.754429], [-52.667322, -5.564673], [-52.750392, -5.44468], [-52.829302, -5.394657], [-52.88178, -5.298488], [-52.90785, -5.156222], [-52.855657, -4.93298], [-52.774939, -4.74493], [-52.725122, -4.628916], [-52.679492, -4.441434], [-52.718766, -4.370431], [-52.713909, -4.300977], [-52.664919, -4.232868], [-52.633629, -4.114322], [-52.613243, -3.860591]], [[-52.60867, -3.855165], [-52.344939, -3.594767], [-52.23262, -3.438394], [-52.183786, -3.299282], [-52.109088, -3.275407], [-52.008577, -3.366874], [-51.951991, -3.44134], [-51.939382, -3.498804], [-51.905224, -3.542988], [-51.849414, -3.57389], [-51.787428, -3.560351], [-51.719215, -3.50237], [-51.692963, -3.445009], [-51.708673, -3.38832], [-51.691335, -3.312511], [-51.641003, -3.217633], [-51.656505, -3.149523], [-51.737844, -3.108027], [-51.836365, -3.020539], [-51.952121, -2.88711], [-52.003048, -2.765361], [-51.989173, -2.655497], [-52.039118, -2.489202], [-52.091699, -2.386366], [-52.152961, -2.26658], [-52.221432, -2.041167], [-52.250836, -1.746198], [-52.230992, -1.683359], [-52.196679, -1.640158]]]}}, {"type": "Feature", "id": "http://www.semwebtech.org/mondial/rivers/Angara_geom", "name": "Angara Geometry (Angara_geom)", "dateprops": [], "properties": {"http://www.w3.org/2000/01/rdf-schema#label": "Angara Geometry", "http://rdfs.org/ns/void#inDataset.value": "64863"}, "geometry": {"type": "MultiLineString", "coordinates": [[[104.866912, 51.870219], [104.437016, 52.165085], [104.289583, 52.288592], [104.281418, 52.339079], [104.204627, 52.399386], [104.059416, 52.469511], [103.972806, 52.539584], [103.944901, 52.609606], [103.877205, 52.673994], [103.769873, 52.732802], [103.70998, 52.799], [103.697578, 52.872587], [103.617221, 52.933643], [103.46891, 52.982167], [103.389586, 53.031647], [103.374187, 53.107275]], [[101.803223, 56.290776], [101.817176, 56.560579], [101.77046, 56.687031], [101.667624, 56.760102], [101.560551, 56.800564], [101.449136, 56.808471], [101.391465, 56.847771], [101.387435, 56.918542], [101.460918, 56.969856], [101.61171, 57.001689], [101.777798, 56.98815], [101.958976, 56.929316], [102.112868, 56.897768], [102.239269, 56.89353], [102.316422, 56.919523], [102.358125, 57.003963]], [[102.673971, 57.943079], [102.795101, 58.121879], [102.836855, 58.245282], [102.839646, 58.372871], [102.780321, 58.523715], [102.659088, 58.697761], [102.479978, 58.829639], [102.46222, 58.836371]], [[102.489073, 58.829226], [102.46222, 58.836371]], [[102.46222, 58.836371], [102.1009, 58.932514]], [[102.46222, 58.836371], [102.243196, 58.919401], [102.1009, 58.932514]], [[102.1009, 58.932514], [101.84167, 58.956402], [101.275503, 58.940692], [100.979707, 58.898679], [100.954283, 58.830311], [100.81703, 58.757602], [100.56795, 58.680553], [100.437105, 58.627223], [100.424393, 58.597664], [100.433849, 58.555238], [100.465372, 58.499995], [100.441239, 58.438604], [100.361451, 58.371114], [100.250915, 58.346258], [100.109631, 58.363957], [99.986486, 58.411525], [99.88148, 58.488937], [99.753632, 58.536169], [99.603047, 58.553222], [99.472099, 58.594408], [99.360995, 58.659727], [99.241209, 58.700681], [99.112741, 58.717295], [98.961639, 58.700913], [98.787697, 58.651614], [98.690648, 58.600248], [98.670494, 58.546763], [98.62843, 58.505525], [98.564661, 58.476431], [98.321523, 58.44558], [97.89912, 58.412972], [97.571647, 58.408425], [97.339206, 58.431938], [97.170689, 58.430387], [97.0662, 58.403774], [96.983672, 58.393387], [96.923108, 58.39933], [96.850089, 58.431834], [96.764616, 58.491004], [96.513882, 58.527281], [96.097887, 58.540716], [95.776511, 58.522113], [95.549755, 58.471522], [95.418393, 58.424574], [95.382581, 58.381295], [95.234735, 58.30732], [94.974906, 58.202546], [94.599218, 58.139966], [94.107569, 58.119502], [93.730124, 58.128752], [93.466884, 58.167716], [93.278782, 58.161386], [93.165817, 58.109735], [93.079725, 58.086274], [92.998076, 58.100097]], [[102.1009, 58.932514], [101.947814, 58.973248]]]}}, {"type": "Feature", "id": "http://www.semwebtech.org/mondial/rivers/Mekong_geom", "name": "Mekong Geometry (Mekong_geom)", "dateprops": [], "properties": {"http://www.w3.org/2000/01/rdf-schema#label": "Mekong Geometry", "http://rdfs.org/ns/void#inDataset.value": "64863"}, "geometry": {"type": "MultiLineString", "coordinates": [[[104.951145, 11.590921], [104.9513, 11.50829], [104.976156, 11.471548], [105.025662, 11.453229], [105.041268, 11.427675], [105.022872, 11.394912], [105.044059, 11.211874], [105.104934, 10.878561], [105.311019, 10.535171], [105.830988, 10.000734]], [[104.951145, 11.590921], [105.181053, 11.446278], [105.266164, 11.356413], [105.282184, 11.274144], [105.266061, 11.180351], [105.217795, 11.074983], [105.199088, 10.978038], [105.210044, 10.889517], [105.248594, 10.825128], [105.314843, 10.784846], [105.357683, 10.723325], [105.377217, 10.640591], [105.49013, 10.529332], [105.696526, 10.389599], [105.87946, 10.299191], [105.930981, 10.28361], [106.136395, 10.221702]], [[101.563651, 17.820515], [101.687468, 17.889399], [101.744105, 17.952703], [101.774801, 18.033422], [101.818623, 18.064634], [101.875467, 18.046418], [101.947452, 18.081481], [102.034578, 18.169847], [102.101499, 18.210646], [102.148215, 18.203876], [102.231672, 18.14897], [102.351872, 18.045927], [102.45879, 17.984639], [102.552531, 17.965105], [102.598213, 17.926761], [102.596043, 17.869607], [102.616817, 17.83333], [102.660638, 17.817957], [102.680069, 17.824106], [102.675211, 17.851753], [102.717638, 17.892242], [102.807451, 17.945572], [102.89866, 17.976888], [102.991368, 17.986241], [103.051312, 18.028512], [103.0912, 18.138253]], [[103.09038, 18.137059], [103.0912, 18.138253]], [[103.0912, 18.138253], [103.092343, 18.141399]], [[103.0912, 18.138253], [103.148516, 18.22173], [103.199675, 18.259454], [103.263186, 18.278471], [103.279619, 18.304981], [103.248923, 18.338984], [103.251713, 18.373478], [103.288249, 18.408412], [103.366952, 18.42332], [103.487978, 18.418153], [103.629675, 18.382548], [103.792249, 18.316479], [103.898857, 18.295292], [103.949552, 18.319011], [104.048719, 18.216718], [104.196204, 17.98836], [104.322656, 17.815812], [104.428179, 17.698972], [104.539232, 17.609287], [104.655917, 17.546733], [104.739685, 17.461673], [104.816062, 17.300288], [104.759012, 17.077149], [104.743509, 16.88437], [104.75064, 16.647537], [104.81937, 16.466075], [104.949904, 16.339933], [105.025765, 16.238001], [105.047159, 16.160254], [105.148755, 16.09354], [105.330656, 16.03791], [105.406311, 15.987448], [105.375615, 15.94218], [105.373186, 15.889676], [105.398921, 15.829861], [105.462018, 15.780407], [105.562373, 15.741262], [105.622111, 15.699972], [105.641025, 15.656538], [105.638906, 15.585948], [105.615652, 15.488254], [105.573742, 15.41322], [105.513178, 15.360871], [105.520309, 15.331054], [105.59524, 15.323794], [105.66614, 15.273332], [105.781688, 15.120524], [105.868091, 15.032855], [105.906539, 14.944359], [105.925866, 14.825762], [105.914755, 14.712901], [105.873311, 14.605724], [105.859513, 14.494619], [105.873259, 14.379691], [105.864112, 14.267372], [105.831969, 14.157715], [105.855172, 14.070098], [105.93372, 14.00452], [105.980539, 13.947934], [105.995732, 13.900289], [105.996249, 13.852023], [105.982296, 13.803085], [105.990668, 13.751771], [106.021467, 13.698105], [106.00462, 13.60935], [105.940025, 13.485534], [105.918166, 13.405229], [105.949327, 13.35009], [106.022655, 13.195836], [106.025033, 13.060753], [105.980901, 12.893374], [105.978369, 12.68256], [106.01754, 12.428311], [105.98457, 12.289431], [105.879667, 12.265892], [105.763395, 12.26411], [105.635754, 12.284108], [105.543357, 12.20432], [105.486099, 12.024796], [105.388947, 11.936378], [105.252005, 11.938961], [105.168031, 11.9201], [105.137128, 11.879792], [105.089586, 11.8546], [105.025352, 11.844523], [105.000031, 11.821553], [105.013363, 11.785689], [105.001788, 11.747061], [104.965097, 11.705694], [104.948199, 11.662493], [104.951145, 11.590921]]]}}, {"type": "Feature", "id": "http://www.semwebtech.org/mondial/rivers/Naryn_geom", "name": "Naryn Geometry (Naryn_geom)", "dateprops": [], "properties": {"http://www.w3.org/2000/01/rdf-schema#label": "Naryn Geometry", "http://rdfs.org/ns/void#inDataset.value": "64863"}, "geometry": {"type": "MultiLineString", "coordinates": [[[72.653685, 41.667431], [72.34931, 41.497467], [72.222083, 41.376028], [72.17051, 41.246372], [72.053204, 41.117129], [71.870166, 40.988248], [71.597005, 40.906599], [71.23372, 40.872286], [71.101221, 40.841797], [71.061534, 40.821953], [71.026394, 40.808621], [70.964795, 40.796218], [70.863406, 40.756376], [70.698352, 40.661162], [70.355013, 40.435362]], [[77.737199, 41.87964], [77.977649, 41.868685], [78.018628, 41.836258], [77.901116, 41.749907], [77.76283, 41.623765], [77.673068, 41.566559], [77.585735, 41.536276], [77.278208, 41.517569], [76.750385, 41.510438], [76.387772, 41.492455], [76.091511, 41.449305], [75.881911, 41.459433], [75.746984, 41.441941], [75.616863, 41.400212], [75.477905, 41.396595], [75.330214, 41.431037], [75.066044, 41.446411], [74.685602, 41.44269], [74.435798, 41.423854], [74.316839, 41.389903], [74.179896, 41.400497], [74.02497, 41.455609], [73.945802, 41.518965], [73.942185, 41.590588], [73.922393, 41.649474], [73.886322, 41.695621], [73.797284, 41.74014], [73.655174, 41.783083], [73.512599, 41.797397], [73.297883, 41.776003]]]}}, {"type": "Feature", "id": "http://www.semwebtech.org/mondial/rivers/Vaal_geom", "name": "Vaal Geometry (Vaal_geom)", "dateprops": [], "properties": {"http://www.w3.org/2000/01/rdf-schema#label": "Vaal Geometry", "http://rdfs.org/ns/void#inDataset.value": "64863"}, "geometry": {"type": "MultiLineString", "coordinates": [[[25.622343, -27.668492], [25.365512, -27.757789], [25.223246, -27.855199], [25.109868, -27.990591], [24.990237, -28.069759], [24.864353, -28.0926], [24.774075, -28.148617], [24.719401, -28.237811], [24.694235, -28.335945], [24.698575, -28.443173], [24.676251, -28.495883], [24.630569, -28.502911], [24.6053, -28.5303], [24.601114, -28.561874], [24.58158, -28.581201], [24.55476, -28.563993], [24.516468, -28.554071], [24.468357, -28.572416], [24.424122, -28.555569], [24.401746, -28.509112], [24.359268, -28.46312], [24.29736, -28.431908], [24.215814, -28.473249], [24.114735, -28.587144], [24.040011, -28.723466], [23.991745, -28.882216], [23.882708, -28.989393], [23.628047, -29.073109]], [[28.123689, -26.866577], [27.999873, -26.716612], [27.908974, -26.694443], [27.809652, -26.750046], [27.715549, -26.767823], [27.626769, -26.747773], [27.556799, -26.771751], [27.505639, -26.839963], [27.43691, -26.871176], [27.350507, -26.865388], [27.275576, -26.886989], [27.21222, -26.935978], [27.118479, -26.936598], [26.994456, -26.888849], [26.9434, -26.8904], [26.921437, -26.932774], [26.886711, -26.948484], [26.824596, -26.934841], [26.697885, -26.990239], [26.506579, -27.114675], [26.449528, -27.177049], [26.449683, -27.216788], [26.467046, -27.234668], [26.476813, -27.278645], [26.458933, -27.328202], [26.465754, -27.362412], [26.431855, -27.397552], [26.333411, -27.407164], [26.227888, -27.460339], [26.090842, -27.603483]], [[30.134729, -26.383402], [30.20966, -26.47859], [30.188266, -26.559981], [30.04905, -26.708912], [29.83945, -26.811128], [29.697133, -26.845441], [29.552336, -26.845855], [29.473478, -26.867197], [29.460662, -26.909365], [29.414877, -26.923886], [29.336019, -26.91076], [29.269356, -26.932774], [29.214786, -26.989825], [29.156185, -27.024758], [29.103578, -27.042018], [29.062237, -27.044085], [28.991853, -27.006723], [28.933459, -27.005535], [28.859458, -27.027962], [28.779773, -27.018351], [28.694301, -26.976699], [28.665362, -26.975872], [28.65606, -26.993442], [28.626811, -27.019074], [28.565316, -27.045326], [28.530745, -27.042949], [28.523562, -27.014423], [28.495553, -26.990032]]]}}], "numberMatched": 46, "numberReturned": 46, "bbox": [-115.198596, -39.880459, 150.09764, 72.294399], "crs": "http://www.opengis.net/def/crs/EPSG/0/4326"}