{"type": "FeatureCollection", "id": "http://www.semwebtech.org/mondial/LineString_collection", "name": "LineString Instances Collection", "features": [{"type": "Feature", "id": "http://www.semwebtech.org/mondial/rivers/Volta_geom", "name": "Volta Geometry (Volta_geom)", "dateprops": [], "properties": {"http://www.w3.org/2000/01/rdf-schema#label": "Volta Geometry", "http://rdfs.org/ns/void#inDataset.value": "64863"}, "geometry": {"type": "LineString", "coordinates": [[0.103358, 6.338192], [0.098708, 6.188124], [0.156559, 6.113684], [0.275312, 6.064901], [0.379853, 6.042215], [0.470184, 6.045626], [0.543616, 6.02108], [0.60015, 5.968473], [0.639269, 5.896798], [0.671825, 5.7597]]}}, {"type": "Feature", "id": "http://www.semwebtech.org/mondial/rivers/Tigris_geom", "name": "Tigris Geometry (Tigris_geom)", "dateprops": [], "properties": {"http://www.w3.org/2000/01/rdf-schema#label": "Tigris Geometry", "http://rdfs.org/ns/void#inDataset.value": "64863"}, "geometry": {"type": "LineString", "coordinates": [[42.376566, 37.062493], [42.433617, 36.989784], [42.46638, 36.967434], [42.489169, 36.959579], [42.509323, 36.940665], [42.51294, 36.875837], [42.558674, 36.832481], [42.713083, 36.784783], [42.758558, 36.755173], [42.774475, 36.733159], [42.760832, 36.718741], [42.85757, 36.707527], [42.895191, 36.691301], [42.901289, 36.661561], [42.886096, 36.6458], [42.849509, 36.643991], [42.811165, 36.60867], [42.771167, 36.539837], [42.844341, 36.478497], [43.030686, 36.42465], [43.168663, 36.333648], [43.258269, 36.205439], [43.317491, 36.076196], [43.346326, 35.945868], [43.343226, 35.857812], [43.307982, 35.812026], [43.29744, 35.765414], [43.3116, 35.717975], [43.299301, 35.681879], [43.260647, 35.657074], [43.248348, 35.586407], [43.262404, 35.469825], [43.348031, 35.31632], [43.505231, 35.125867], [43.568431, 35.006184], [43.537529, 34.957221], [43.584038, 34.832009], [43.707854, 34.630496], [43.784646, 34.453091], [43.814515, 34.299715], [43.854202, 34.193727], [43.903811, 34.135074], [43.960345, 34.098074], [44.05543, 34.075104], [44.23237, 34.050015], [44.32854, 34.019009], [44.402851, 33.973715], [44.427345, 33.909197], [44.402024, 33.825481], [44.398458, 33.768895], [44.416752, 33.73944], [44.400009, 33.696858], [44.348436, 33.641254], [44.318256, 33.585857], [44.309678, 33.530667], [44.323941, 33.451033], [44.361045, 33.346854], [44.396701, 33.293369], [44.430808, 33.290578], [44.480004, 33.235078], [44.544289, 33.126971], [44.674617, 33.023695], [44.870988, 32.925226], [44.980955, 32.887192], [45.026585, 32.891248], [45.041365, 32.879156], [45.041365, 32.856341], [45.044465, 32.832286], [45.079502, 32.803476], [45.139602, 32.785389], [45.224764, 32.778], [45.260214, 32.751619], [45.258664, 32.713662], [45.298403, 32.663485], [45.383669, 32.60354], [45.522007, 32.555739], [45.809122, 32.502202], [46.029883, 32.618681], [46.136595, 32.63222], [46.201397, 32.587546], [46.343611, 32.54158], [46.563236, 32.494348], [46.692168, 32.442568], [46.730409, 32.386344], [46.735163, 32.32149], [46.706328, 32.248058], [46.698886, 32.190697], [46.712632, 32.149433], [46.755369, 32.112123], [46.826992, 32.078766], [46.888487, 32.013886], [46.939854, 31.917458], [47.00786, 31.8679], [47.092506, 31.865213], [47.138549, 31.825758], [47.146094, 31.749484], [47.220818, 31.62732], [47.362929, 31.459165], [47.433932, 31.286049], [47.441322, 30.99909]]}}, {"type": "Feature", "id": "http://www.semwebtech.org/mondial/rivers/Limpopo_geom", "name": "Limpopo Geometry (Limpopo_geom)", "dateprops": [], "properties": {"http://www.w3.org/2000/01/rdf-schema#label": "Limpopo Geometry", "http://rdfs.org/ns/void#inDataset.value": "64863"}, "geometry": {"type": "LineString", "coordinates": [[26.96159, -23.73731], [27.08551, -23.57794], [27.146385, -23.524404], [27.185555, -23.523422], [27.241159, -23.490039], [27.313403, -23.424255], [27.399186, -23.383637], [27.498715, -23.368341], [27.563207, -23.324622], [27.592662, -23.252637], [27.643874, -23.217652], [27.716738, -23.219616], [27.758285, -23.196775], [27.768517, -23.148923], [27.812597, -23.107995], [27.890525, -23.073888], [27.93135, -23.033581], [27.93507, -22.98702], [28.027985, -22.873694], [28.210196, -22.693653], [28.381762, -22.593401], [28.542889, -22.572937], [28.695541, -22.53542], [28.839821, -22.48085], [28.94581, -22.39517], [29.013506, -22.278433], [29.129881, -22.213269], [29.377463, -22.192805], [29.66313, -22.146296], [29.902341, -22.184227], [30.190385, -22.291146], [30.460188, -22.329024], [30.711645, -22.297812], [30.916077, -22.29068], [31.07338, -22.307785], [31.1973, -22.344889], [31.287837, -22.402043], [31.392637, -22.437493], [31.511596, -22.451187], [31.630452, -22.505551], [31.748998, -22.600429], [31.877259, -22.739852], [32.015131, -22.923768], [32.118794, -23.035958], [32.188144, -23.076472], [32.231036, -23.1328], [32.247469, -23.205043], [32.302452, -23.302092], [32.39609, -23.423996], [32.487764, -23.635766], [32.577371, -23.937402], [32.672869, -24.140387], [32.824798, -24.296915], [32.87141, -24.403678], [32.905516, -24.439697], [32.942723, -24.440523], [33.010213, -24.484603], [33.107985, -24.571988], [33.182554, -24.613536], [33.23392, -24.609195], [33.264203, -24.623561], [33.273401, -24.656634], [33.329056, -24.699112], [33.431066, -24.75084], [33.485068, -24.771873], [33.509717, -24.770684], [33.52615, -24.756576], [33.536744, -24.744846], [33.551989, -24.738955], [33.567905, -24.75146], [33.597257, -24.822774], [33.63126, -24.948968], [33.61369, -25.04059], [33.544547, -25.097641], [33.514782, -25.142444], [33.530078, -25.18885]]}}, {"type": "Feature", "id": "http://www.semwebtech.org/mondial/rivers/Araguaia_geom", "name": "Araguaia Geometry (Araguaia_geom)", "dateprops": [], "properties": {"http://www.w3.org/2000/01/rdf-schema#label": "Araguaia Geometry", "http://rdfs.org/ns/void#inDataset.value": "64863"}, "geometry": {"type": "LineString", "coordinates": [[-53.11515, -17.854827], [-53.211346, -17.40917], [-53.201579, -17.301631], [-53.158197, -17.208717], [-53.077917, -17.094719], [-53.033217, -16.995241], [-53.024122, -16.910337], [-52.942732, -16.813599], [-52.789098, -16.704975], [-52.679854, -16.57599], [-52.615026, -16.426542], [-52.544746, -16.328615], [-52.46904, -16.282107], [-52.434443, -16.217769], [-52.440954, -16.135604], [-52.416717, -16.082377], [-52.361785, -16.058193], [-52.308404, -16.009255], [-52.256624, -15.935616], [-52.140972, -15.872261], [-51.961526, -15.819137], [-51.847347, -15.747101], [-51.798512, -15.65615], [-51.778824, -15.592691], [-51.788332, -15.556931], [-51.772726, -15.522825], [-51.732031, -15.490475], [-51.696038, -15.403246], [-51.664722, -15.261239], [-51.589843, -15.141504], [-51.471401, -15.044146], [-51.372078, -15.023527], [-51.286347, -15.002753], [-51.246298, -15.004355], [-51.188679, -14.976553], [-51.114265, -14.837802], [-50.977503, -14.463355], [-50.9412, -14.200838], [-50.908592, -14.107252], [-50.867639, -14.09516], [-50.851903, -13.995063], [-50.86136, -13.806961], [-50.799607, -13.61183], [-50.666592, -13.409672], [-50.598405, -13.249372], [-50.594994, -13.130929], [-50.566029, -13.014761], [-50.484174, -12.843608], [-50.566029, -12.819734], [-50.613985, -12.76351], [-50.655378, -12.666978], [-50.660494, -12.558303], [-50.629333, -12.43738], [-50.631658, -12.288604], [-50.667522, -12.112077], [-50.674782, -11.989966], [-50.653466, -11.922269], [-50.66145, -11.853591], [-50.717416, -11.749102], [-50.665765, -11.651847], [-50.671243, -11.573815], [-50.716615, -11.482658], [-50.707933, -11.345715], [-50.645146, -11.162781], [-50.610342, -11.000879], [-50.60011, -10.789522], [-50.599232, -10.689838], [-50.550837, -10.567262], [-50.454615, -10.388461], [-50.402784, -10.258288], [-50.39529, -10.176691], [-50.33749, -10.034478], [-50.17533, -9.730207], [-50.084173, -9.421905], [-49.97914, -9.22016], [-49.829899, -9.022033], [-49.707865, -8.895064], [-49.613038, -8.83915], [-49.501882, -8.703965], [-49.374423, -8.489456], [-49.282697, -8.301353], [-49.226783, -8.139503], [-49.189989, -7.994912], [-49.172342, -7.867375], [-49.220349, -7.752136], [-49.33396, -7.649094], [-49.340419, -7.510032], [-49.23965, -7.334849], [-49.196139, -7.166746], [-49.209781, -7.005619], [-49.079557, -6.85617], [-48.805413, -6.718298], [-48.65289, -6.595773], [-48.621936, -6.488648], [-48.580078, -6.41413], [-48.527291, -6.372169], [-48.470653, -6.353307], [-48.410166, -6.357544], [-48.391175, -6.308917], [-48.413758, -6.207424], [-48.389832, -6.141899], [-48.319448, -6.112443], [-48.296607, -6.067278], [-48.321231, -6.00661], [-48.307149, -5.965889], [-48.254336, -5.945218], [-48.245293, -5.888581], [-48.280019, -5.795873], [-48.258651, -5.723681], [-48.18124, -5.672005], [-48.159251, -5.619243], [-48.19266, -5.5655], [-48.231366, -5.533254], [-48.275368, -5.522505], [-48.317278, -5.486228], [-48.357069, -5.424423], [-48.421664, -5.398378], [-48.511064, -5.408093], [-48.597622, -5.398585], [-48.723144, -5.355383], [-48.937214, -5.30288]]}}, {"type": "Feature", "id": "http://www.semwebtech.org/mondial/rivers/Oder_geom", "name": "Oder Geometry (Oder_geom)", "dateprops": [], "properties": {"http://www.w3.org/2000/01/rdf-schema#label": "Oder Geometry", "http://rdfs.org/ns/void#inDataset.value": "64863"}, "geometry": {"type": "LineString", "coordinates": [[17.617974, 49.739393], [17.846952, 49.654024], [17.946429, 49.637074], [18.015779, 49.671749], [18.141663, 49.729885], [18.224862, 49.794739], [18.307338, 49.885638], [18.316588, 49.972402], [18.252612, 50.055033], [18.231012, 50.137457], [18.251786, 50.219674], [18.185381, 50.321011], [18.031902, 50.441366], [17.958212, 50.532161], [17.96431, 50.593295], [17.938368, 50.656469], [17.880387, 50.721659], [17.762255, 50.780467], [17.450232, 50.881959], [17.360522, 50.927589], [17.300009, 50.974512], [17.268693, 51.022726], [17.193607, 51.067839], [17.01522, 51.130988], [16.869079, 51.22876], [16.738028, 51.252944], [16.57318, 51.236098], [16.474685, 51.244779], [16.442335, 51.278989], [16.439648, 51.315344], [16.466623, 51.353817], [16.474116, 51.421409], [16.462231, 51.518044], [16.40766, 51.595042], [16.310405, 51.652455], [16.223124, 51.677001], [16.145816, 51.668784], [16.020345, 51.690902], [15.846609, 51.743354], [15.768785, 51.811205], [15.786665, 51.894455], [15.757933, 51.960886], [15.682485, 52.010521], [15.423793, 52.045764], [14.760887, 52.076925], [14.704612, 52.110205], [14.692365, 52.150047], [14.705387, 52.20746], [14.679859, 52.249989], [14.615677, 52.277636], [14.573922, 52.314171], [14.554595, 52.359647], [14.569685, 52.431089], [14.619397, 52.528499], [14.514029, 52.645624], [14.253683, 52.782515], [14.128626, 52.87822], [14.138858, 52.932868], [14.193687, 52.982348], [14.293216, 53.026738], [14.36856, 53.105544], [14.445558, 53.275482], [14.58064, 53.445162], [14.618261, 53.525829], [14.610199, 53.584456], [14.583534, 53.639336]]}}, {"type": "Feature", "id": "http://www.semwebtech.org/mondial/rivers/Arkansas_geom", "name": "Arkansas Geometry (Arkansas_geom)", "dateprops": [], "properties": {"http://www.w3.org/2000/01/rdf-schema#label": "Arkansas Geometry", "http://rdfs.org/ns/void#inDataset.value": "64863"}, "geometry": {"type": "LineString", "coordinates": [[-91.077148, 33.796697], [-91.122159, 33.824499], [-91.14965, 33.863902], [-91.167014, 33.921935], [-91.216649, 33.954517], [-91.298582, 33.961648], [-91.322947, 33.974128], [-91.330415, 33.990923], [-91.342662, 34.003816], [-91.386509, 34.005418], [-91.418678, 34.026244], [-91.439142, 34.066293], [-91.487511, 34.090994], [-91.563734, 34.100296], [-91.68246, 34.153109], [-91.843639, 34.249486], [-91.920689, 34.271138], [-91.938646, 34.266849], [-91.973011, 34.274859], [-92.016574, 34.315942], [-92.108972, 34.44751], [-92.155145, 34.566366], [-92.155145, 34.672509], [-92.225244, 34.756354], [-92.365468, 34.817901], [-92.446832, 34.876993], [-92.469363, 34.93363], [-92.506415, 34.972439], [-92.558092, 34.99342], [-92.576643, 35.034632], [-92.562174, 35.096075], [-92.594523, 35.118813], [-92.713302, 35.094861], [-92.83115, 35.16142], [-92.930369, 35.183951], [-93.050258, 35.184674], [-93.192833, 35.244464], [-93.358146, 35.36332], [-93.521366, 35.414996], [-93.682493, 35.399442], [-93.796569, 35.420732], [-93.863645, 35.478817], [-93.957515, 35.494216], [-94.078231, 35.466854], [-94.139442, 35.434065], [-94.141096, 35.395824], [-94.162076, 35.373319], [-94.202358, 35.36655], [-94.267522, 35.385334], [-94.35762, 35.429621], [-94.429657, 35.415125], [-94.483607, 35.341822], [-94.529263, 35.313659], [-94.566574, 35.330712], [-94.60192, 35.325131], [-94.635303, 35.296916], [-94.666025, 35.299706], [-94.694034, 35.333451], [-94.791599, 35.375309], [-94.958669, 35.425228], [-95.074269, 35.488299], [-95.138373, 35.564522], [-95.190076, 35.603486], [-95.22935, 35.605191], [-95.244646, 35.636921], [-95.236016, 35.698674], [-95.251261, 35.746501], [-95.290431, 35.780452], [-95.388255, 35.794792], [-95.544679, 35.789573], [-95.629739, 35.81616], [-95.643381, 35.874555], [-95.721464, 35.924939], [-95.86404, 35.967314], [-95.958246, 36.029041], [-96.004083, 36.110148], [-96.084414, 36.151618], [-96.199239, 36.153478], [-96.259778, 36.173916], [-96.266031, 36.212958], [-96.31564, 36.256082], [-96.408658, 36.303314], [-96.477026, 36.321943], [-96.52077, 36.31197], [-96.541724, 36.331943], [-96.539864, 36.381862], [-96.577975, 36.414935], [-96.656084, 36.431265], [-96.710913, 36.47258], [-96.742436, 36.538907], [-96.766982, 36.54224], [-96.806489, 36.531801], [-96.865477, 36.493613], [-96.920719, 36.468937], [-96.959683, 36.471934], [-96.985728, 36.486455], [-96.998957, 36.5125], [-96.978881, 36.541697], [-96.94356, 36.566502], [-96.940098, 36.578646], [-96.957461, 36.59079], [-97.000482, 36.594769], [-97.040557, 36.619057], [-97.052959, 36.664481], [-96.993325, 36.70639], [-96.861705, 36.744812], [-96.83597, 36.766051], [-96.837701, 36.781683], [-96.877001, 36.797444], [-96.913407, 36.866096], [-96.932192, 36.981076], [-96.985806, 37.05841], [-97.074276, 37.098046], [-97.134608, 37.189332], [-97.166854, 37.332192], [-97.236669, 37.499184], [-97.344053, 37.690232], [-97.694781, 37.925386], [-98.288853, 38.204645], [-98.633121, 38.34598], [-98.727586, 38.349339], [-98.853625, 38.308205], [-99.011238, 38.222525], [-99.217892, 38.054783], [-99.473561, 37.804876], [-99.697785, 37.696872], [-99.986966, 37.747722], [-100.776065, 37.934997], [-101.127388, 37.97099], [-101.30394, 37.918151], [-101.626608, 37.949777], [-102.095391, 38.065868], [-102.558877, 38.118087], [-103.017066, 38.10646], [-103.319941, 38.080983], [-103.467477, 38.041787], [-103.593878, 38.047626], [-103.699143, 38.098553], [-103.832597, 38.136484], [-104.075063, 38.173975], [-104.237224, 38.238028], [-104.410598, 38.259836], [-104.64924, 38.26074], [-104.825844, 38.297921], [-104.940359, 38.371482], [-105.092779, 38.4252], [-105.283077, 38.4591], [-105.470198, 38.450625], [-105.654114, 38.399724], [-105.832243, 38.425097], [-106.004558, 38.526744], [-106.089359, 38.610615], [-106.086568, 38.676761], [-106.135351, 38.801818], [-106.285807, 39.077718], [-106.380762, 39.222361]]}}, {"type": "Feature", "id": "http://www.semwebtech.org/mondial/rivers/Amur_geom", "name": "Amur Geometry (Amur_geom)", "dateprops": [], "properties": {"http://www.w3.org/2000/01/rdf-schema#label": "Amur Geometry", "http://rdfs.org/ns/void#inDataset.value": "64863"}, "geometry": {"type": "LineString", "coordinates": [[127.59028, 50.208977], [127.395253, 50.298584], [127.33722, 50.350157], [127.351173, 50.393617], [127.340786, 50.428085], [127.306059, 50.45351], [127.30823, 50.494179], [127.347194, 50.550093], [127.346832, 50.621355], [127.306989, 50.707965], [127.198262, 50.829456], [127.020392, 50.98588], [126.924842, 51.100137], [126.91151, 51.172329], [126.887738, 51.230129], [126.854407, 51.261367], [126.83384, 51.314878], [126.847741, 51.374177], [126.827329, 51.412263], [126.801801, 51.448049], [126.805418, 51.505642], [126.774515, 51.545071], [126.709196, 51.566284], [126.688733, 51.609925], [126.700825, 51.703046], [126.653696, 51.781284], [126.510552, 51.925823], [126.468074, 52.031295], [126.455568, 52.126457], [126.394797, 52.173017], [126.39149, 52.214488], [126.383532, 52.286499], [126.346324, 52.306265], [126.324207, 52.331664], [126.341674, 52.362024], [126.312838, 52.399748], [126.237597, 52.444809], [126.202974, 52.483825], [126.194447, 52.519146], [126.15662, 52.546638], [126.045929, 52.573355], [126.015957, 52.610226], [126.023243, 52.643014], [126.047015, 52.673478], [126.06014, 52.691978], [126.056006, 52.715878], [126.048151, 52.739468], [126.00433, 52.767891], [125.941646, 52.800705], [125.871883, 52.871528], [125.782793, 52.890725], [125.728119, 52.890725], [125.680784, 52.930826], [125.695356, 52.956303], [125.691687, 53.00369], [125.649054, 53.042267], [125.595983, 53.057485], [125.54596, 53.047615], [125.422453, 53.083737], [125.225566, 53.165799], [125.075033, 53.203678], [124.970956, 53.197322], [124.906619, 53.172672], [124.882124, 53.129729], [124.812361, 53.133837], [124.639865, 53.210654], [124.465922, 53.229645], [124.369133, 53.270935], [124.291463, 53.340853], [124.219943, 53.370102], [124.154314, 53.358681], [123.994685, 53.405629], [123.740954, 53.510998], [123.607784, 53.546525], [123.559725, 53.526681], [123.534713, 53.526449], [123.489496, 53.529446], [123.424022, 53.530764], [123.309611, 53.555594], [123.154065, 53.544587], [122.957591, 53.497717], [122.744787, 53.46852], [122.515861, 53.456996], [122.380158, 53.462525], [122.337784, 53.485004], [122.088807, 53.451466], [121.405437, 53.317056]]}}, {"type": "Feature", "id": "http://www.semwebtech.org/mondial/rivers/Yamuna_geom", "name": "Yamuna Geometry (Yamuna_geom)", "dateprops": [], "properties": {"http://www.w3.org/2000/01/rdf-schema#label": "Yamuna Geometry", "http://rdfs.org/ns/void#inDataset.value": "64863"}, "geometry": {"type": "LineString", "coordinates": [[78.339952, 30.915168], [78.072372, 30.737659], [77.986692, 30.567695], [77.942199, 30.517905], [77.910263, 30.531573], [77.814713, 30.511006], [77.655446, 30.456203], [77.574418, 30.391169], [77.570077, 30.278281], [77.527754, 30.202653], [77.442746, 30.127257], [77.300843, 30.026901], [77.187, 29.871407], [77.101113, 29.660851], [77.073673, 29.537629], [77.104782, 29.501765], [77.106643, 29.469106], [77.094344, 29.450399], [77.092742, 29.427481], [77.120544, 29.401281], [77.144625, 29.340328], [77.137494, 29.191061], [77.155632, 29.065926], [77.19904, 28.964951], [77.221261, 28.858032], [77.222191, 28.745171], [77.248856, 28.64652], [77.327404, 28.519758], [77.454632, 28.424932], [77.489358, 28.373824], [77.474062, 28.334782], [77.484449, 28.281685], [77.520519, 28.214609], [77.520881, 28.147481], [77.485638, 28.080405], [77.49587, 27.98452], [77.55168, 27.859798], [77.607181, 27.797425], [77.662268, 27.797322], [77.681233, 27.749211], [77.663973, 27.653093], [77.667952, 27.60077], [77.693067, 27.592244], [77.700405, 27.569713], [77.689863, 27.533152], [77.711464, 27.466903], [77.765311, 27.370991], [77.821431, 27.305104], [77.879929, 27.26924], [77.92003, 27.262936], [77.941734, 27.28619], [77.966435, 27.289833], [77.994237, 27.273891], [78.01222, 27.244539], [78.020489, 27.201854], [78.068444, 27.183147], [78.156088, 27.188418], [78.203423, 27.164931], [78.210348, 27.112686], [78.249105, 27.096072], [78.292048, 27.106046], [78.308637, 27.095427], [78.312926, 27.079019], [78.326982, 27.061863], [78.383102, 27.057935], [78.436897, 27.024346], [78.488264, 26.961068], [78.507591, 26.953316], [78.521802, 26.960422], [78.543764, 26.957967], [78.60898, 26.910192], [78.663395, 26.894483], [78.707113, 26.910838], [78.778995, 26.879807], [78.878938, 26.801362], [78.947874, 26.762139], [78.985804, 26.762139], [79.024407, 26.721186], [79.063784, 26.639253], [79.135769, 26.579515], [79.240363, 26.541972], [79.262532, 26.511302], [79.261963, 26.48536], [79.251473, 26.471614], [79.265839, 26.445931], [79.280205, 26.432857], [79.311004, 26.427509], [79.401851, 26.436475], [79.47301, 26.416166], [79.493784, 26.371853], [79.518278, 26.359167], [79.5359, 26.354748], [79.544737, 26.334904], [79.537812, 26.306121], [79.592072, 26.243928], [79.712272, 26.155768], [79.804256, 26.107554], [79.868025, 26.099363], [79.91226, 26.112102], [79.931587, 26.125098], [79.947348, 26.125098], [79.956288, 26.094997], [79.988999, 26.072001], [80.049874, 26.071122], [80.080311, 26.052725], [80.080415, 26.01681], [80.113126, 25.979241], [80.211259, 25.920485], [80.44215, 25.889324], [80.524315, 25.869997], [80.534754, 25.852143], [80.522765, 25.83509], [80.488555, 25.818786], [80.524264, 25.781424], [80.629994, 25.72303], [80.7165, 25.702411], [80.783783, 25.719516], [80.843934, 25.717449], [80.896954, 25.696158], [80.930389, 25.667684], [80.944341, 25.632079], [80.969249, 25.617145], [81.005216, 25.622829], [81.021753, 25.604897], [81.018859, 25.563298], [81.059063, 25.530561], [81.142262, 25.50666], [81.181226, 25.465629], [81.175852, 25.407442], [81.221534, 25.367237], [81.318375, 25.344913], [81.37739, 25.318739], [81.398577, 25.288741], [81.472061, 25.294839], [81.597738, 25.337033], [81.69427, 25.351089], [81.761656, 25.337007], [81.803617, 25.351579], [81.82005, 25.394781], [81.847025, 25.415968], [81.903146, 25.414625]]}}, {"type": "Feature", "id": "http://www.semwebtech.org/mondial/rivers/Aldan_geom", "name": "Aldan Geometry (Aldan_geom)", "dateprops": [], "properties": {"http://www.w3.org/2000/01/rdf-schema#label": "Aldan Geometry", "http://rdfs.org/ns/void#inDataset.value": "64863"}, "geometry": {"type": "LineString", "coordinates": [[123.566132, 56.527713], [123.204707, 56.561018], [123.101355, 56.558331], [123.065698, 56.579983], [123.063321, 56.625123], [123.086162, 56.680287], [123.134324, 56.745529], [123.169774, 56.836531], [123.192615, 56.95332], [123.294108, 57.090624], [123.474355, 57.248496], [123.555384, 57.341332], [123.537297, 57.369186], [123.551508, 57.406806], [123.59812, 57.454168], [123.59042, 57.485122], [123.528305, 57.499695], [123.505258, 57.538969], [123.521174, 57.602944], [123.546082, 57.650693], [123.579878, 57.682268], [123.630315, 57.684593], [123.697287, 57.657721], [123.757232, 57.668883], [123.810045, 57.718079], [123.803844, 57.789083], [123.738628, 57.881971], [123.719198, 57.977082], [123.745553, 58.074492], [123.824308, 58.153557], [123.955256, 58.214328], [123.984918, 58.270681], [123.988949, 58.291171], [124.020988, 58.31489], [124.100984, 58.32843], [124.228831, 58.331789], [124.298387, 58.365508], [124.309653, 58.42956], [124.347583, 58.503251], [124.444632, 58.628308], [124.578422, 58.720447], [124.654025, 58.748792], [124.715933, 58.744089], [124.758721, 58.761323], [124.782286, 58.800494], [124.844504, 58.824058], [124.945376, 58.832017], [125.031779, 58.859896], [125.103713, 58.907722], [125.143711, 58.950356], [125.151669, 58.987769], [125.20505, 59.01601], [125.303752, 59.035079], [125.338892, 59.065465], [125.31047, 59.107142], [125.309385, 59.142127], [125.33574, 59.170368], [125.337601, 59.206154], [125.315018, 59.249459], [125.314139, 59.285994], [125.33512, 59.315811], [125.405917, 59.313977], [125.526633, 59.280568], [125.636187, 59.225791], [125.734579, 59.14962], [125.877102, 59.092104], [126.063654, 59.053243], [126.193156, 59.007458], [126.265399, 58.954748], [126.470761, 58.896095], [126.809035, 58.8315], [127.0083, 58.780288], [127.068451, 58.742487], [127.139506, 58.747319], [127.221413, 58.794861], [127.320219, 58.810597], [127.435922, 58.794525], [127.521447, 58.805429], [127.57674, 58.843282], [127.656735, 58.849948], [127.761329, 58.825428], [127.814969, 58.792071], [127.817811, 58.749903], [127.855483, 58.715538], [127.92814, 58.689054], [128.003536, 58.711869], [128.081774, 58.784009], [128.157067, 58.817702], [128.229414, 58.812948], [128.286775, 58.791761], [128.329046, 58.754192], [128.377467, 58.765716], [128.431934, 58.826384], [128.477822, 58.817392], [128.515133, 58.738689], [128.569341, 58.694118], [128.640345, 58.683653], [128.687887, 58.64841], [128.711865, 58.588465], [128.815734, 58.545031], [128.999496, 58.518108], [129.169615, 58.517927], [129.326246, 58.544541], [129.489078, 58.538443], [129.65806, 58.499634], [129.837171, 58.524128], [130.026462, 58.611901], [130.234356, 58.644612], [130.460905, 58.622236], [130.585601, 58.628101], [130.608442, 58.662156], [130.60932, 58.714453], [130.588133, 58.784836], [130.601672, 58.835169], [130.649731, 58.865399], [130.781816, 58.899558], [130.997927, 58.937643], [131.140761, 58.937436], [131.21042, 58.899041], [131.265817, 58.903795], [131.306952, 58.951699], [131.361936, 58.965497], [131.430924, 58.945188], [131.526267, 58.946531], [131.64812, 58.969657], [131.768422, 59.009706], [131.887175, 59.066705], [131.947843, 59.115668], [131.950324, 59.156648], [132.00293, 59.171608], [132.105663, 59.160601], [132.209274, 59.176802], [132.366009, 59.241888], [132.63824, 59.371984], [132.805879, 59.412136], [132.959823, 59.405728], [133.058163, 59.459265], [133.101054, 59.572798], [133.178724, 59.634862], [133.291275, 59.645507], [133.530434, 59.790201], [133.8962, 60.069047], [134.197732, 60.267304], [134.553782, 60.443804], [134.704884, 60.459927], [134.839294, 60.440032], [135.00745, 60.389492], [135.104446, 60.391611], [135.130388, 60.446388], [135.08946, 60.505764], [134.981766, 60.56974], [134.926679, 60.629426], [134.924302, 60.684823], [135.019128, 60.75376], [135.211261, 60.836339], [135.362312, 60.946306], [135.472382, 61.083662], [135.505714, 61.18686], [135.462409, 61.255951], [135.46184, 61.312537], [135.504008, 61.35672], [135.47786, 61.393824], [135.383396, 61.423951], [135.382879, 61.469892], [135.47631, 61.531697], [135.526436, 61.579859], [135.533361, 61.614379], [135.485457, 61.632207], [135.382827, 61.633241], [135.292755, 61.661844], [135.215137, 61.71799], [135.263506, 61.760985], [135.437656, 61.790699], [135.529588, 61.842866], [135.5392, 61.917435], [135.599093, 61.981902], [135.709371, 62.036265], [135.738051, 62.094453], [135.685238, 62.156491], [135.714642, 62.211862], [135.826159, 62.260541], [135.834324, 62.315163], [135.739033, 62.375728], [135.651441, 62.473396], [135.57155, 62.608117], [135.489074, 62.676743], [135.403963, 62.679172], [135.325053, 62.660878], [135.252189, 62.621811], [135.109717, 62.617212], [134.897741, 62.647081], [134.63848, 62.717878], [134.332039, 62.829524], [134.183986, 62.910786], [134.194424, 62.961635], [134.1459, 62.988714], [134.038516, 62.991969], [133.972009, 63.007317], [133.946377, 63.034757], [133.946171, 63.074393], [133.802924, 63.131754], [133.440775, 63.09062], [133.223631, 63.091705], [133.151387, 63.13501], [133.146426, 63.177281], [133.208748, 63.21857], [133.236447, 63.274278], [133.229729, 63.344506], [132.973982, 63.35634], [132.46931, 63.309831], [132.017606, 63.318358], [131.618768, 63.38192], [131.342815, 63.386054], [131.18975, 63.33076], [131.007022, 63.312596], [130.688592, 63.341044], [130.43114, 63.339493], [130.104958, 63.3767], [129.383658, 63.489923]]}}, {"type": "Feature", "id": "http://www.semwebtech.org/mondial/rivers/Kafue_geom", "name": "Kafue Geometry (Kafue_geom)", "dateprops": [], "properties": {"http://www.w3.org/2000/01/rdf-schema#label": "Kafue Geometry", "http://rdfs.org/ns/void#inDataset.value": "64863"}, "geometry": {"type": "LineString", "coordinates": [[27.15672, -11.626215], [27.143491, -11.748688], [27.183385, -11.851783], [27.316504, -12.038645], [27.36632, -12.154038], [27.444661, -12.254652], [27.567961, -12.378986], [27.655088, -12.42906], [27.705937, -12.404876], [27.821486, -12.419758], [28.001733, -12.473915], [28.135678, -12.585485], [28.223322, -12.754518], [28.239651, -12.943447], [28.184771, -13.152323], [28.124826, -13.284202], [28.059921, -13.339185], [27.964009, -13.368331], [27.837195, -13.371638], [27.760094, -13.407605], [27.732706, -13.476231], [27.68816, -13.515609], [27.626459, -13.525531], [27.602533, -13.573486], [27.616485, -13.659476], [27.56083, -13.76934], [27.435669, -13.903079], [27.385957, -14.011806], [27.411898, -14.095367], [27.409779, -14.164716], [27.379704, -14.219752], [27.317072, -14.27918], [27.221884, -14.342949], [27.120391, -14.383308], [26.958696, -14.408733], [26.656079, -14.440204], [26.500119, -14.51653], [26.389842, -14.648201], [26.291967, -14.690628], [26.20639, -14.643809], [26.151252, -14.647219], [26.12655, -14.700756], [26.130529, -14.736361], [26.163292, -14.754035], [26.179002, -14.789019], [26.177865, -14.841316], [26.112339, -14.880745], [25.982631, -14.90741], [25.947026, -14.946943], [26.005627, -14.999343], [26.015498, -15.05412], [25.976534, -15.11117], [25.966922, -15.288265], [25.986559, -15.585353], [26.04764, -15.754955], [26.15027, -15.796968], [26.285352, -15.776091], [26.45299, -15.692272], [26.567919, -15.663591], [26.630137, -15.689946], [26.747701, -15.66726], [26.92061, -15.59543], [27.080446, -15.605765], [27.22731, -15.698215], [27.372831, -15.720539], [27.517215, -15.67279], [27.573129, -15.673203], [27.624702, -15.685192], [27.643305, -15.683487], [27.652504, -15.664935], [27.674828, -15.647572], [27.709761, -15.645608], [27.893833, -15.659974], [28.036873, -15.704106], [28.169578, -15.780483], [28.274688, -15.810042], [28.352203, -15.792989], [28.481652, -15.826269], [28.663036, -15.910088], [28.801839, -15.953134], [28.972992, -15.950086]]}}, {"type": "Feature", "id": "http://www.semwebtech.org/mondial/rivers/Daugava_geom", "name": "Daugava Geometry (Daugava_geom)", "dateprops": [], "properties": {"http://www.w3.org/2000/01/rdf-schema#label": "Daugava Geometry", "http://rdfs.org/ns/void#inDataset.value": "64863"}, "geometry": {"type": "LineString", "coordinates": [[32.077557, 56.907741], [32.062157, 56.877045], [32.096832, 56.861129], [32.176517, 56.849812], [32.241681, 56.820615], [32.317749, 56.750102], [32.272894, 56.60931], [32.233103, 56.551846], [32.183597, 56.530762], [32.134917, 56.478336], [32.087065, 56.394568], [32.072647, 56.315142], [32.091561, 56.240056], [32.067841, 56.193857], [32.001489, 56.176546], [31.974307, 56.14355], [31.986296, 56.094871], [31.875295, 56.068878], [31.641408, 56.065519], [31.479454, 56.038905], [31.38964, 55.989038], [31.37946, 55.888837], [31.449016, 55.738355], [31.415323, 55.655104], [31.278381, 55.639085], [31.171359, 55.600638], [31.05581, 55.509325], [30.643226, 55.436074], [30.408615, 55.36936], [30.214415, 55.284739], [30.166976, 55.234872], [30.147855, 55.194719], [30.087497, 55.183144], [29.925233, 55.203814], [29.814956, 55.205003], [29.756768, 55.186709], [29.725762, 55.161388], [29.722041, 55.128935], [29.686798, 55.115964], [29.620032, 55.122475], [29.554817, 55.106973], [29.491255, 55.06943], [29.452394, 55.070954], [29.438234, 55.11152], [29.40573, 55.132139], [29.354777, 55.132811], [29.315606, 55.155342], [29.288218, 55.199732], [29.202073, 55.257687], [29.057069, 55.329181], [29.00069, 55.380186], [28.993042, 55.408866], [28.91868, 55.454652], [28.723549, 55.52364], [28.503925, 55.566014], [28.259908, 55.581776], [28.087154, 55.620223], [27.985765, 55.681408], [27.928146, 55.739957], [27.914297, 55.795871], [27.880862, 55.816748], [27.855179, 55.819229], [27.764021, 55.80848], [27.604135, 55.79768], [27.45913, 55.803493], [27.34906, 55.831476], [27.014817, 55.898526], [26.809248, 55.907234], [26.620835, 55.879897], [26.489164, 55.899121], [26.41413, 55.964853], [26.364469, 56.038905], [26.340181, 56.121329], [26.294344, 56.17838], [26.226958, 56.210058], [26.18417, 56.264473], [26.165876, 56.341626], [26.06428, 56.417719], [25.879382, 56.492831], [25.77851, 56.552879], [25.761663, 56.597838], [25.70978, 56.60931], [25.622757, 56.587192], [25.53408, 56.589776], [25.443646, 56.617113], [25.357708, 56.619464], [25.276163, 56.596907], [25.174464, 56.594324], [25.052611, 56.611687], [24.890708, 56.668324], [24.688654, 56.764236], [24.505409, 56.827384], [24.340975, 56.85777], [24.22031, 56.893944], [24.143519, 56.935827], [24.091377, 56.985333], [24.054325, 57.066129]]}}, {"type": "Feature", "id": "http://www.semwebtech.org/mondial/rivers/Garonne_geom", "name": "Garonne Geometry (Garonne_geom)", "dateprops": [], "properties": {"http://www.w3.org/2000/01/rdf-schema#label": "Garonne Geometry", "http://rdfs.org/ns/void#inDataset.value": "64863"}, "geometry": {"type": "LineString", "coordinates": [[1.454465, 43.41527], [1.453173, 43.41704], [1.409351, 43.513675], [1.408834, 43.587624], [1.361499, 43.6886], [1.220009, 43.880733], [1.082343, 44.031008], [0.860651, 44.125834], [0.508993, 44.215234], [0.323474, 44.295333], [0.304147, 44.366078], [0.25508, 44.422121], [0.136896, 44.484055], [0.003235, 44.560872], [-0.102081, 44.586865], [-0.223624, 44.587615], [-0.343307, 44.635596], [-0.533967, 44.795509], [-0.561795, 44.829925], [-0.567221, 44.859898], [-0.541693, 44.898035], [-0.536499, 44.95214], [-0.548488, 45.000587]]}}, {"type": "Feature", "id": "http://www.semwebtech.org/mondial/rivers/Kasai_geom", "name": "Kasai Geometry (Kasai_geom)", "dateprops": [], "properties": {"http://www.w3.org/2000/01/rdf-schema#label": "Kasai Geometry", "http://rdfs.org/ns/void#inDataset.value": "64863"}, "geometry": {"type": "LineString", "coordinates": [[22.237124, -11.249442], [22.21666, -11.012661], [22.177902, -10.892306], [22.203482, -10.829468], [22.28048, -10.783993], [22.307042, -10.691285], [22.283167, -10.551552], [22.281669, -10.453315], [22.302443, -10.396678], [22.274537, -10.259115], [22.197746, -10.040627], [22.089122, -9.862809], [21.948666, -9.725556], [21.856682, -9.594194], [21.81317, -9.468724], [21.829448, -9.168432], [21.905413, -8.693371], [21.895852, -8.341144], [21.800871, -8.111908], [21.780097, -7.865411], [21.833634, -7.601655], [21.841592, -7.420994], [21.785265, -7.274543], [21.692247, -7.109178], [21.547398, -6.963657], [21.205869, -6.692356], [20.939012, -6.534846], [20.782639, -6.366174], [20.647763, -6.133837], [20.579964, -5.992657], [20.579034, -5.942738], [20.637531, -5.876023], [20.755457, -5.792618], [20.835194, -5.712054], [20.897671, -5.595575], [21.038282, -5.33864], [21.075127, -5.101807], [21.055077, -4.799552], [20.966142, -4.611346], [20.808322, -4.537139], [20.688174, -4.455025], [20.605595, -4.364901], [20.521673, -4.309452], [20.463692, -4.295396], [20.403437, -4.299892], [20.374757, -4.319219], [20.355068, -4.361646], [20.323132, -4.389758], [20.284995, -4.390378], [20.145158, -4.31462], [19.903623, -4.162278], [19.741875, -4.081353], [19.66002, -4.071637], [19.409596, -3.958879], [18.990707, -3.742872], [18.739869, -3.626497], [18.615743, -3.60133], [18.510116, -3.598798], [18.413791, -3.550946], [18.291731, -3.45705], [18.129777, -3.411626], [17.928033, -3.414727], [17.796361, -3.390749], [17.734763, -3.339537], [17.673681, -3.312614], [17.613116, -3.309927], [17.427236, -3.234376], [17.355354, -3.200011], [17.060075, -3.059193], [16.978065, -3.052061], [16.885202, -3.072835], [16.745056, -3.086065], [16.518713, -3.069735], [16.364097, -3.073249], [16.281105, -3.096555], [16.230979, -3.138568], [16.190619, -3.19443]]}}, {"type": "Feature", "id": "http://www.semwebtech.org/mondial/rivers/Tejo_geom", "name": "Tejo Geometry (Tejo_geom)", "dateprops": [], "properties": {"http://www.w3.org/2000/01/rdf-schema#label": "Tejo Geometry", "http://rdfs.org/ns/void#inDataset.value": "64863"}, "geometry": {"type": "LineString", "coordinates": [[-7.117674, 39.681687], [-7.454087, 39.680679], [-7.653352, 39.634015], [-7.827605, 39.541308], [-7.98222, 39.49237], [-8.18474, 39.48467], [-8.375581, 39.468005], [-8.520689, 39.371241], [-8.660732, 39.249336], [-8.741761, 39.115391], [-8.791603, 39.078183]]}}, {"type": "Feature", "id": "http://www.semwebtech.org/mondial/rivers/Ubangi_geom", "name": "Ubangi Geometry (Ubangi_geom)", "dateprops": [], "properties": {"http://www.w3.org/2000/01/rdf-schema#label": "Ubangi Geometry", "http://rdfs.org/ns/void#inDataset.value": "64863"}, "geometry": {"type": "LineString", "coordinates": [[18.596726, 3.67869], [18.622151, 3.304036], [18.490944, 2.924395], [18.211581, 2.414918], [18.07221, 2.013262], [18.07283, 1.719379], [18.057792, 1.534868], [18.011748, 1.42211], [17.902453, 1.118072], [17.885761, 0.856899], [17.925242, 0.53728], [17.887725, 0.234146], [17.773107, -0.0524], [17.724117, -0.277554], [17.75285, -0.549062]]}}, {"type": "Feature", "id": "http://www.semwebtech.org/mondial/rivers/Benue_geom", "name": "Benue Geometry (Benue_geom)", "dateprops": [], "properties": {"http://www.w3.org/2000/01/rdf-schema#label": "Benue Geometry", "http://rdfs.org/ns/void#inDataset.value": "64863"}, "geometry": {"type": "LineString", "coordinates": [[11.924058, 9.490558], [11.783498, 9.496527], [11.574054, 9.40909], [11.248802, 9.230186], [11.037859, 9.060713], [10.941224, 8.900671], [10.857818, 8.795329], [10.787642, 8.744686], [10.635506, 8.707427], [10.401412, 8.683501], [10.218219, 8.59007], [10.085824, 8.427083], [9.976528, 8.327244], [9.847027, 8.272209], [9.530044, 8.12059], [9.39522, 8.038734], [9.337033, 7.976051], [9.140972, 7.89249], [8.807039, 7.788052], [8.437294, 7.799343], [7.828804, 7.989978], [7.421542, 8.018606], [7.156184, 7.967524], [6.776, 7.793013]]}}, {"type": "Feature", "id": "http://www.semwebtech.org/mondial/rivers/Mangoky_geom", "name": "Mangoky Geometry (Mangoky_geom)", "dateprops": [], "properties": {"http://www.w3.org/2000/01/rdf-schema#label": "Mangoky Geometry", "http://rdfs.org/ns/void#inDataset.value": "64863"}, "geometry": {"type": "LineString", "coordinates": [[45.652749, -21.428356], [45.514463, -21.439621], [45.424546, -21.500548], [45.293184, -21.672062], [44.805565, -21.723532], [44.564856, -21.769885], [44.40869, -21.828383], [44.30172, -21.844558], [44.243946, -21.81841], [44.165501, -21.8289], [44.066179, -21.876029], [43.986132, -21.889981], [43.914043, -21.871585], [43.89482, -21.861043], [43.874201, -21.837633], [43.784956, -21.637387], [43.696847, -21.501065], [43.542283, -21.315753]]}}, {"type": "Feature", "id": "http://www.semwebtech.org/mondial/rivers/Narmada_geom", "name": "Narmada Geometry (Narmada_geom)", "dateprops": [], "properties": {"http://www.w3.org/2000/01/rdf-schema#label": "Narmada Geometry", "http://rdfs.org/ns/void#inDataset.value": "64863"}, "geometry": {"type": "LineString", "coordinates": [[81.574277, 22.753754], [81.280135, 22.87726], [81.096477, 22.955705], [81.026713, 22.968986], [81.009557, 22.943251], [80.97297, 22.936068], [80.917056, 22.947333], [80.877265, 22.978598], [80.853701, 23.029783], [80.8321, 23.040351], [80.81236, 23.010224], [80.731693, 22.984644], [80.589996, 22.96356], [80.508554, 22.925319], [80.487367, 22.870026], [80.483956, 22.787627], [80.498322, 22.678151], [80.486488, 22.611075], [80.448351, 22.586374], [80.410679, 22.583531], [80.373368, 22.602445], [80.333216, 22.657842], [80.290324, 22.749645], [80.216582, 22.790392], [80.059847, 22.774838], [79.962592, 22.851655], [79.932723, 22.933898], [79.937788, 23.047172], [79.83428, 23.112078], [79.622096, 23.128563], [79.418595, 23.121612], [79.223774, 23.091175], [79.116236, 23.060789], [79.095875, 23.030481], [78.99707, 23.023608], [78.819613, 23.040248], [78.671715, 23.037871], [78.553273, 23.016477], [78.442013, 22.970226], [78.337937, 22.899145], [78.257167, 22.868346], [78.199806, 22.877777], [78.158413, 22.85907], [78.133092, 22.812174], [78.074904, 22.793648], [77.98385, 22.803415], [77.91879, 22.824628], [77.879722, 22.857236], [77.790219, 22.825325], [77.650279, 22.728949], [77.456751, 22.639084], [77.086075, 22.514156], [76.884021, 22.457699], [76.803199, 22.406643], [76.77643, 22.342202], [76.713592, 22.289157], [76.614786, 22.247583], [76.529727, 22.254094], [76.45831, 22.308664], [76.305555, 22.298923], [76.071357, 22.224897], [75.607509, 22.14609], [74.567366, 22.020723], [74.466442, 22.034779], [74.38686, 22.012068], [74.29498, 21.957239], [74.202014, 21.93246], [74.108066, 21.937731], [73.984818, 21.914218], [73.832372, 21.861922], [73.702923, 21.87174], [73.596469, 21.943751], [73.518335, 21.981449], [73.468519, 21.98486], [73.416894, 21.961373], [73.36346, 21.911014], [73.310544, 21.896803], [73.258144, 21.918714], [73.235251, 21.908379], [73.241866, 21.86572], [73.217888, 21.844274], [73.163421, 21.844016], [73.134999, 21.821356], [73.137324, 21.783477], [73.112468, 21.750456]]}}, {"type": "Feature", "id": "http://www.semwebtech.org/mondial/rivers/Sanaga_geom", "name": "Sanaga Geometry (Sanaga_geom)", "dateprops": [], "properties": {"http://www.w3.org/2000/01/rdf-schema#label": "Sanaga Geometry", "http://rdfs.org/ns/void#inDataset.value": "64863"}, "geometry": {"type": "LineString", "coordinates": [[13.126052, 4.933472], [12.99407, 4.983908], [12.900639, 4.993442], [12.711969, 4.959749], [12.63125, 4.93603], [12.548206, 4.876912], [12.46294, 4.782499], [12.385219, 4.732605], [12.280005, 4.724596], [12.130557, 4.575173], [12.0579, 4.544426], [12.012321, 4.582511], [11.907108, 4.542204], [11.74226, 4.423451], [11.595913, 4.399163], [11.467962, 4.469262], [11.295776, 4.411979], [11.079252, 4.227288], [10.85942, 4.107708], [10.636075, 4.053241], [10.502491, 4.046575], [10.458566, 4.087709], [10.392265, 4.045231], [10.303692, 3.919244], [10.235066, 3.859196], [10.18649, 3.865087], [10.116003, 3.813127], [10.023502, 3.703263], [9.937874, 3.643189], [9.819587, 3.627841], [9.76574, 3.62381]]}}, {"type": "Feature", "id": "http://www.semwebtech.org/mondial/rivers/Ebro_geom", "name": "Ebro Geometry (Ebro_geom)", "dateprops": [], "properties": {"http://www.w3.org/2000/01/rdf-schema#label": "Ebro Geometry", "http://rdfs.org/ns/void#inDataset.value": "64863"}, "geometry": {"type": "LineString", "coordinates": [[-4.18886, 43.011173], [-4.102251, 43.001484], [-4.05476, 42.952521], [-4.01745, 42.861053], [-3.962672, 42.825035], [-3.890377, 42.844414], [-3.821958, 42.841856], [-3.757388, 42.817283], [-3.709251, 42.832631], [-3.677522, 42.887899], [-3.626776, 42.898002], [-3.522131, 42.845447], [-3.451231, 42.806922], [-3.336613, 42.791859], [-3.15466, 42.787414], [-3.010896, 42.75522], [-2.905424, 42.695275], [-2.842793, 42.644167], [-2.823052, 42.601844], [-2.755795, 42.559676], [-2.641022, 42.517612], [-2.563146, 42.506863], [-2.522192, 42.527327], [-2.39543, 42.513788], [-2.182936, 42.466245], [-1.994421, 42.39085], [-1.747614, 42.235924], [-1.405206, 41.978265], [-1.110185, 41.8021], [-0.748398, 41.621517], [-0.526422, 41.478916], [-0.444231, 41.374322], [-0.301087, 41.309417], [-0.097069, 41.284199], [0.040339, 41.306058], [0.111136, 41.374994], [0.167101, 41.410651], [0.208132, 41.413131], [0.262754, 41.398895], [0.330864, 41.367966], [0.362206, 41.328434], [0.356754, 41.280271], [0.364299, 41.255725], [0.39502, 41.254304], [0.525426, 41.248904], [0.589866, 41.219629], [0.631724, 41.164697], [0.652498, 41.119196], [0.651981, 41.083126], [0.613844, 41.037521], [0.53788, 40.982383], [0.517054, 40.903886], [0.551264, 40.802032], [0.650586, 40.744619], [0.89114, 40.722347]]}}, {"type": "Feature", "id": "http://www.semwebtech.org/mondial/rivers/Kamchatka_geom", "name": "Kamchatka Geometry (Kamchatka_geom)", "dateprops": [], "properties": {"http://www.w3.org/2000/01/rdf-schema#label": "Kamchatka Geometry", "http://rdfs.org/ns/void#inDataset.value": "64863"}, "geometry": {"type": "LineString", "coordinates": [[157.63227, 54.290304], [157.693558, 54.131296], [157.748335, 54.080782], [157.816858, 54.085846], [157.883934, 54.114785], [157.982326, 54.194108], [158.124126, 54.363607], [158.204638, 54.433887], [158.271198, 54.461482], [158.313882, 54.505252], [158.332589, 54.565145], [158.455992, 54.642246], [158.683886, 54.736608], [158.857002, 54.866109], [158.975341, 55.030827], [159.100811, 55.14511], [159.233413, 55.208982], [159.309584, 55.260968], [159.329324, 55.301173], [159.329221, 55.327889], [159.30948, 55.341118], [159.314545, 55.352281], [159.336456, 55.377912], [159.343018, 55.390624], [159.360123, 55.410313], [159.405392, 55.433309], [159.488074, 55.450673], [159.608067, 55.462455], [159.664911, 55.482712], [159.658503, 55.511444], [159.677417, 55.542347], [159.721755, 55.575368], [159.740255, 55.641565], [159.733175, 55.740836], [159.697002, 55.814552], [159.631786, 55.862663], [159.632561, 55.874988], [159.64114, 55.88677], [159.652405, 55.904753], [159.646928, 55.94072], [159.692816, 55.98635], [159.790071, 56.041722], [159.867793, 56.115748], [159.926187, 56.208456], [160.022098, 56.271088], [160.155734, 56.303747], [160.246581, 56.346122], [160.29464, 56.39816], [160.68366, 56.385887], [161.778477, 56.270933], [161.905704, 56.235224], [162.04368, 56.224243], [162.175765, 56.260597], [162.372963, 56.264447], [162.461123, 56.235482]]}}, {"type": "Feature", "id": "http://www.semwebtech.org/mondial/rivers/Glomma_geom", "name": "Glomma Geometry (Glomma_geom)", "dateprops": [], "properties": {"http://www.w3.org/2000/01/rdf-schema#label": "Glomma Geometry", "http://rdfs.org/ns/void#inDataset.value": "64863"}, "geometry": {"type": "LineString", "coordinates": [[11.483568, 62.686975], [11.187772, 62.495746], [11.085195, 62.443011], [10.983702, 62.390869], [10.772759, 62.308548], [10.655402, 62.245245], [10.631527, 62.200906], [10.624344, 62.156516], [10.633749, 62.112023], [10.699327, 62.061949], [10.820973, 62.006293], [10.888152, 61.949966], [10.900658, 61.893018], [10.882985, 61.834934], [10.834926, 61.775713], [10.863348, 61.699593], [10.968147, 61.606628], [11.033466, 61.525754], [11.072224, 61.422763], [11.246683, 61.317446], [11.317945, 61.232878], [11.344093, 61.133917], [11.402281, 61.02935], [11.492508, 60.919124], [11.578756, 60.848663], [11.660922, 60.817942], [11.736576, 60.763371], [11.805616, 60.684927], [11.880857, 60.633405], [11.962402, 60.608807], [12.009221, 60.578577], [12.027618, 60.524833]]}}, {"type": "Feature", "id": "http://www.semwebtech.org/mondial/rivers/Kolyma_geom", "name": "Kolyma Geometry (Kolyma_geom)", "dateprops": [], "properties": {"http://www.w3.org/2000/01/rdf-schema#label": "Kolyma Geometry", "http://rdfs.org/ns/void#inDataset.value": "64863"}, "geometry": {"type": "LineString", "coordinates": [[145.215974, 61.855863], [145.605614, 61.899271], [145.801364, 61.876792], [145.943165, 61.83943], [146.096023, 61.77964], [146.229555, 61.696545], [146.343554, 61.590091], [146.486232, 61.50945], [146.657488, 61.454595], [146.812052, 61.453975], [146.949925, 61.507615], [147.052296, 61.522059], [147.119165, 61.497306], [147.225257, 61.520018], [147.370571, 61.590246], [147.432893, 61.707758], [147.412377, 61.872503], [147.354603, 61.984847], [147.259622, 62.044844], [147.255281, 62.14029], [147.34158, 62.27129], [147.464312, 62.331209], [147.623579, 62.320124], [147.71794, 62.298523], [147.747499, 62.266484], [147.816125, 62.243281], [147.923664, 62.229096], [148.02495, 62.179564], [148.119879, 62.094763], [148.243799, 62.074713], [148.396658, 62.119361], [148.523782, 62.106752], [148.625171, 62.036782], [148.662585, 61.97968], [148.622484, 61.913224], [148.726871, 61.785015], [148.747179, 61.729411], [148.718137, 61.703676], [148.721703, 61.680215], [148.757773, 61.659027], [148.859472, 61.665745], [149.026697, 61.700317], [149.199865, 61.698508], [149.378975, 61.660319], [149.500984, 61.674324], [149.565889, 61.74065], [149.600874, 61.802249], [149.605938, 61.85917], [149.656271, 61.897359], [149.751873, 61.916789], [149.809905, 61.943196], [149.830369, 61.976476], [149.91517, 62.020452], [150.064308, 62.075023], [150.189727, 62.092076], [150.291581, 62.07156], [150.428679, 62.087787], [150.601175, 62.140703], [150.713519, 62.196927], [150.765713, 62.25651], [150.800077, 62.34051], [150.81651, 62.44885], [150.80416, 62.532979], [150.763129, 62.592821], [150.776616, 62.639019], [150.844726, 62.671575], [151.055721, 62.664909], [151.409704, 62.618969], [151.618374, 62.55936], [151.681832, 62.486005], [151.741674, 62.453501], [151.797794, 62.461847], [151.86456, 62.499183], [151.942023, 62.565484], [151.991994, 62.556079], [152.014525, 62.470916], [152.084392, 62.427198], [152.201491, 62.424975], [152.270995, 62.435311], [152.292803, 62.4581], [152.292441, 62.488124], [152.269807, 62.525331], [152.326392, 62.60791], [152.462095, 62.735809], [152.505348, 62.823194], [152.456152, 62.869961], [152.461216, 62.928872], [152.520541, 62.999876], [152.543382, 63.063024], [152.529533, 63.118422], [152.543175, 63.16214], [152.584206, 63.194205], [152.597539, 63.243995], [152.583276, 63.311536], [152.649939, 63.361404], [152.797526, 63.393599], [152.908114, 63.456075], [152.981856, 63.548835], [153.158125, 63.669964], [153.436971, 63.819464], [153.66445, 63.901681], [153.840667, 63.916512], [154.057346, 63.960127], [154.314592, 64.032526], [154.467915, 64.088104], [154.517422, 64.126913], [154.542019, 64.168435], [154.541916, 64.212722], [154.497836, 64.224323], [154.409883, 64.203291], [154.371591, 64.2267], [154.382856, 64.294551], [154.317434, 64.354418], [154.175117, 64.406353], [154.079567, 64.511902], [154.03063, 64.671092], [153.835086, 64.734292], [153.492781, 64.701452], [153.221687, 64.716489], [153.021802, 64.77938], [152.818094, 64.813047], [152.610561, 64.817439], [152.486899, 64.839298], [152.447109, 64.878572], [152.327271, 64.925443], [152.127231, 64.97991], [151.963831, 65.042438], [151.837017, 65.113028], [151.768235, 65.164007], [151.75759, 65.195375], [151.70333, 65.21974], [151.605661, 65.237104], [151.549231, 65.264957], [151.534141, 65.303249], [151.497451, 65.331103], [151.439056, 65.348518], [151.343145, 65.415387], [151.209716, 65.531763], [151.145328, 65.602611], [151.150082, 65.627881], [151.059338, 65.689634], [150.872993, 65.787871], [150.767935, 65.886625], [150.74406, 65.985947], [150.754757, 66.04031], [150.776513, 66.061084], [150.784936, 66.088059], [150.773154, 66.128522], [150.798062, 66.149296], [150.943996, 66.139064], [151.03691, 66.162112], [151.08006, 66.222935], [151.10533, 66.234769], [151.147963, 66.234975], [151.254468, 66.211049], [151.374358, 66.216294], [151.509026, 66.250427], [151.595636, 66.255569], [151.634393, 66.231668], [151.65372, 66.241487], [151.653617, 66.284998], [151.692374, 66.331972], [151.769786, 66.38246], [151.798259, 66.420804], [151.777692, 66.447056], [151.920784, 66.503435], [152.400445, 66.646527], [152.439409, 66.673295], [152.434241, 66.701872], [152.385149, 66.732154], [152.392073, 66.750913], [152.455222, 66.758199], [152.537956, 66.806413], [152.640378, 66.895607], [152.768329, 66.964182], [152.921808, 67.012241], [153.007229, 67.060558], [153.024593, 67.109082], [153.179984, 67.15094], [153.473351, 67.18608], [153.625228, 67.213908], [153.635408, 67.234424], [153.600372, 67.278374], [153.520066, 67.345709], [153.534742, 67.40741], [153.6444, 67.463428], [154.087784, 67.534276], [154.86479, 67.619904], [155.353753, 67.646466], [155.554774, 67.613961], [155.803751, 67.610447], [156.100891, 67.635975], [156.216801, 67.657214], [156.246773, 67.671219], [156.250391, 67.692148], [156.281862, 67.717056], [156.347646, 67.735762], [156.354105, 67.753022], [156.336225, 67.775192], [156.199954, 67.81922], [156.132103, 67.8741], [156.132413, 67.918387], [156.145901, 67.943863], [156.25592, 67.960813], [156.502003, 67.937094], [156.667058, 67.939419], [156.793355, 67.981949], [157.432231, 68.093027], [157.653871, 68.175012], [157.671338, 68.264929], [157.7719, 68.359936], [157.955661, 68.460008], [158.01943, 68.545429], [157.963103, 68.616122], [158.014831, 68.656481], [158.174563, 68.666403], [158.318223, 68.704592], [158.446071, 68.771048], [158.549113, 68.788515], [158.666626, 68.741127], [159.059315, 68.774355], [159.156828, 68.782546], [159.189539, 68.767999], [159.192278, 68.735469], [159.178636, 68.693508], [159.214602, 68.669762], [159.395367, 68.631909], [160.126898, 68.540261], [160.559017, 68.511942], [160.679474, 68.542225], [160.856053, 68.538349]]}}, {"type": "Feature", "id": "http://www.semwebtech.org/mondial/rivers/Ucayali_geom", "name": "Ucayali Geometry (Ucayali_geom)", "dateprops": [], "properties": {"http://www.w3.org/2000/01/rdf-schema#label": "Ucayali Geometry", "http://rdfs.org/ns/void#inDataset.value": "64863"}, "geometry": {"type": "LineString", "coordinates": [[-71.668747, -15.336376], [-71.657559, -15.217107], [-71.637069, -15.172769], [-71.603583, -15.163674], [-71.596994, -15.115253], [-71.617303, -15.027403], [-71.595883, -14.935677], [-71.50116, -14.792327], [-71.456589, -14.693211], [-71.457364, -14.568206], [-71.488654, -14.38429], [-71.519143, -14.263987], [-71.548857, -14.207246], [-71.599733, -14.162598], [-71.67177, -14.130145], [-71.738277, -14.039918], [-71.799307, -13.891917], [-71.913667, -13.809544], [-72.081409, -13.792698], [-72.23158, -13.737714], [-72.364079, -13.64449], [-72.548874, -13.54708], [-72.785862, -13.445587], [-72.952467, -13.410706], [-73.048611, -13.442383], [-73.127805, -13.449153], [-73.221107, -13.421868], [-73.478068, -13.174648], [-73.56168, -13.06065], [-73.557598, -12.997294], [-73.583798, -12.897145], [-73.640332, -12.760099], [-73.716089, -12.644861], [-73.811071, -12.551378], [-73.916103, -12.392473], [-74.031135, -12.168301], [-74.055423, -12.007277], [-73.988967, -11.909402], [-74.031471, -11.718044], [-74.182882, -11.4331], [-74.258072, -11.256264], [-74.256961, -11.187586], [-74.204457, -11.153996], [-74.10051, -11.155443], [-73.982843, -11.188257], [-73.851404, -11.252491], [-73.763425, -11.280396], [-73.718828, -11.272128], [-73.718647, -11.194717], [-73.762856, -11.048163], [-73.774174, -10.912409], [-73.752624, -10.787455], [-73.803603, -10.684412], [-73.92711, -10.60328], [-74.002532, -10.509384], [-74.02992, -10.402724], [-74.033331, -10.31043], [-74.012815, -10.232553], [-74.017415, -10.204751], [-74.038292, -10.187647], [-74.050797, -10.173074], [-74.040979, -10.127599], [-74.017208, -10.09804], [-74.004108, -10.0737], [-74.009818, -10.058507], [-74.029197, -10.050807], [-74.058471, -10.014841], [-74.071261, -9.960684], [-74.056637, -9.933192], [-74.014624, -9.93252], [-73.983541, -9.907715], [-73.963387, -9.858778], [-74.001446, -9.832526], [-74.097771, -9.82896], [-74.150585, -9.767362], [-74.159886, -9.647731], [-74.180247, -9.559054], [-74.211718, -9.501177], [-74.24722, -9.486862], [-74.268097, -9.488723], [-74.281404, -9.475442], [-74.290912, -9.452653], [-74.314657, -9.415187], [-74.379046, -9.36718], [-74.404807, -9.292766], [-74.391965, -9.191945], [-74.412455, -9.139338], [-74.447001, -9.115206], [-74.459248, -9.088799], [-74.454235, -9.061514], [-74.458034, -9.040585], [-74.4755, -9.029216], [-74.538571, -8.848814], [-74.507876, -8.732438], [-74.404523, -8.619939], [-74.330574, -8.570174], [-74.28608, -8.583197], [-74.265616, -8.552914], [-74.269182, -8.479482], [-74.298069, -8.457313], [-74.352226, -8.486458], [-74.399949, -8.485683], [-74.441213, -8.454936], [-74.472736, -8.446874], [-74.496016, -8.446151], [-74.505989, -8.419486], [-74.507204, -8.32099], [-74.532422, -8.260116], [-74.581618, -8.236913], [-74.5988, -8.206786], [-74.583995, -8.169682], [-74.593736, -8.15299], [-74.628049, -8.156608], [-74.638617, -8.131131], [-74.625491, -8.076458], [-74.634431, -8.030259], [-74.665437, -7.992432], [-74.705745, -7.976722], [-74.723909, -7.975172], [-74.7429, -7.961891], [-74.727707, -7.942874], [-74.737164, -7.916777], [-74.816022, -7.882619], [-74.859844, -7.884893], [-74.868629, -7.923599], [-74.898575, -7.921532], [-74.949632, -7.878744], [-74.965496, -7.840245], [-74.946169, -7.805983], [-74.961956, -7.751154], [-75.012806, -7.675707], [-75.012599, -7.652297], [-74.98981, -7.646613], [-74.9787, -7.623307], [-75.01477, -7.55835], [-75.016242, -7.496545], [-74.98317, -7.43784], [-75.018671, -7.365287], [-75.122748, -7.278832], [-75.195741, -7.240333], [-75.237702, -7.249841], [-75.254652, -7.237232], [-75.246693, -7.202506], [-75.268966, -7.183282], [-75.280361, -7.158581], [-75.265194, -7.128712], [-75.151221, -7.050319], [-75.136028, -7.012337], [-75.141713, -6.987635], [-75.165975, -6.960402], [-75.149852, -6.902369], [-75.090941, -6.826508], [-75.084326, -6.747546], [-75.130008, -6.665381], [-75.128406, -6.609725], [-75.105617, -6.586936], [-75.124608, -6.535673], [-75.162616, -6.495779], [-75.177809, -6.454024], [-75.151893, -6.418884], [-75.151118, -6.344574], [-75.186904, -6.23626], [-75.179617, -6.156678], [-75.129233, -6.105622], [-75.099932, -6.106449], [-75.080941, -6.112133], [-75.06195, -6.100764], [-75.052442, -6.076063], [-75.018258, -6.062782], [-74.96206, -6.075236], [-74.888214, -6.051362], [-74.800106, -5.980462], [-74.754269, -5.984906], [-74.721971, -5.986818], [-74.697295, -5.975397], [-74.694014, -5.942118], [-74.646808, -5.862639], [-74.55503, -5.758253], [-74.484156, -5.727092], [-74.434237, -5.769157], [-74.399923, -5.774118], [-74.381217, -5.742026], [-74.358401, -5.737892], [-74.334604, -5.749468], [-74.307113, -5.738926], [-74.285305, -5.669473], [-74.243602, -5.626478], [-74.192158, -5.603224], [-74.176966, -5.578522], [-74.186448, -5.555733], [-74.18265, -5.532944], [-74.164951, -5.512686], [-74.167457, -5.483593], [-74.175053, -5.47026], [-74.173167, -5.455067], [-74.159344, -5.435068], [-74.155959, -5.412951], [-74.161773, -5.394296], [-74.148466, -5.373418], [-74.106686, -5.344945], [-74.088986, -5.30474], [-74.099218, -5.215857], [-74.08586, -5.12501], [-74.048963, -5.032302], [-74.02651, -5.020985], [-74.000335, -5.02207], [-73.962999, -5.063308], [-73.899592, -5.05752], [-73.817737, -4.994268], [-73.773915, -4.937734], [-73.76482, -4.894791], [-73.740145, -4.881511], [-73.713557, -4.887195], [-73.704049, -4.862545], [-73.723531, -4.827302], [-73.701594, -4.770665], [-73.634725, -4.710978], [-73.593926, -4.70116], [-73.56292, -4.696147], [-73.555944, -4.676458], [-73.559742, -4.644161], [-73.546771, -4.605662], [-73.490341, -4.552952], [-73.489462, -4.520706], [-73.505844, -4.509647], [-73.512484, -4.489183], [-73.488635, -4.444845]]}}, {"type": "Feature", "id": "http://www.semwebtech.org/mondial/rivers/Po_geom", "name": "Po Geometry (Po_geom)", "dateprops": [], "properties": {"http://www.w3.org/2000/01/rdf-schema#label": "Po Geometry", "http://rdfs.org/ns/void#inDataset.value": "64863"}, "geometry": {"type": "LineString", "coordinates": [[7.110192, 44.706005], [7.325579, 44.664819], [7.423506, 44.686937], [7.501796, 44.794527], [7.619308, 44.84902], [7.664783, 44.92501], [7.677496, 45.040739], [7.730619, 45.129003], [7.824257, 45.189852], [7.975875, 45.219772], [8.185372, 45.218765], [8.360038, 45.199205], [8.499668, 45.161068], [8.594339, 45.112647], [8.644052, 45.053994], [8.807762, 45.053607], [9.224481, 45.140501], [9.4624, 45.099521], [9.504981, 45.093372], [9.549526, 45.11567], [9.60699, 45.12908], [9.651897, 45.114301], [9.698716, 45.086189], [9.732667, 45.082778], [9.753855, 45.104017], [9.781657, 45.103035], [9.81628, 45.079729], [9.845839, 45.084587], [9.870437, 45.117505], [9.908677, 45.132646], [9.960457, 45.129907], [10.007689, 45.105774], [10.050374, 45.060196], [10.15352, 45.025831], [10.317128, 45.002731], [10.429524, 44.972372], [10.490606, 44.934803], [10.5567, 44.928292], [10.627703, 44.952838], [10.665995, 44.986143], [10.671473, 45.028208], [10.739738, 45.056914], [10.870686, 45.072236], [11.020341, 45.074768], [11.188496, 45.064536], [11.312416, 45.028957], [11.391894, 44.968005], [11.479279, 44.92687], [11.574467, 44.90558], [11.683918, 44.917517], [11.869488, 44.985213], [12.084978, 45.019888], [12.198873, 45.012989], [12.282899, 44.976041], [12.377157, 44.960693], [12.523401, 44.967953]]}}, {"type": "Feature", "id": "http://www.semwebtech.org/mondial/rivers/Ishikari_geom", "name": "Ishikari Geometry (Ishikari_geom)", "dateprops": [], "properties": {"http://www.w3.org/2000/01/rdf-schema#label": "Ishikari Geometry", "http://rdfs.org/ns/void#inDataset.value": "64863"}, "geometry": {"type": "LineString", "coordinates": [[143.065924, 43.699503], [142.88454, 43.809626], [142.722069, 43.877891], [142.632049, 43.894737], [142.560219, 43.882955], [142.481412, 43.848745], [142.395526, 43.792108], [142.254397, 43.738157], [141.942944, 43.648292], [141.909147, 43.622506], [141.884498, 43.564266], [141.86114, 43.428254], [141.709935, 43.328983], [141.643995, 43.253743], [141.612886, 43.169407], [141.567411, 43.129978], [141.50757, 43.135404], [141.447625, 43.163076], [141.357708, 43.237904]]}}, {"type": "Feature", "id": "http://www.semwebtech.org/mondial/rivers/Thames_geom", "name": "Thames Geometry (Thames_geom)", "dateprops": [], "properties": {"http://www.w3.org/2000/01/rdf-schema#label": "Thames Geometry", "http://rdfs.org/ns/void#inDataset.value": "64863"}, "geometry": {"type": "LineString", "coordinates": [[-2.021912, 51.685889], [-1.939282, 51.648476], [-1.824302, 51.652067], [-1.561992, 51.700178], [-1.43399, 51.704803], [-1.368826, 51.725319], [-1.323815, 51.763171], [-1.281544, 51.75896], [-1.241908, 51.712709], [-1.238808, 51.681962], [-1.220153, 51.649819], [-1.170285, 51.627702], [-1.123905, 51.586567], [-1.110211, 51.525227], [-1.068663, 51.48461], [-0.999236, 51.464714], [-0.943942, 51.478822], [-0.902808, 51.526984], [-0.841416, 51.554114], [-0.759767, 51.56029], [-0.71455, 51.549309], [-0.70574, 51.521248], [-0.676904, 51.503937], [-0.603653, 51.494118], [-0.503245, 51.415725], [-0.43325, 51.392419], [-0.360231, 51.398052], [-0.320337, 51.418826], [-0.313593, 51.454741], [-0.244863, 51.479752], [-0.048751, 51.500939], [0.384504, 51.453139], [0.424502, 51.465644]]}}, {"type": "Feature", "id": "http://www.semwebtech.org/mondial/rivers/Tshuapa_geom", "name": "Tshuapa Geometry (Tshuapa_geom)", "dateprops": [], "properties": {"http://www.w3.org/2000/01/rdf-schema#label": "Tshuapa Geometry", "http://rdfs.org/ns/void#inDataset.value": "64863"}, "geometry": {"type": "LineString", "coordinates": [[24.594499, -3.176757], [24.617237, -2.994546], [24.582924, -2.902096], [24.499208, -2.838534], [24.44009, -2.769081], [24.388414, -2.656013], [24.368983, -2.477316], [24.27085, -2.309161], [24.087605, -2.091965], [23.970816, -1.828467], [23.920483, -1.518512], [23.847723, -1.40224], [23.769123, -1.36126], [23.707577, -1.33134], [23.668613, -1.273049], [23.488107, -1.211347], [23.165956, -1.146183], [22.960232, -1.063914], [22.870832, -0.964644], [22.7712, -0.904906], [22.661335, -0.8847], [22.556897, -0.850542], [22.457885, -0.802483], [22.397269, -0.754114], [22.375048, -0.705641], [22.273194, -0.650658], [22.000962, -0.558674], [21.784645, -0.486327], [21.683049, -0.437751], [21.624034, -0.388658], [21.574838, -0.370933], [21.535358, -0.384421], [21.474741, -0.366644], [21.392989, -0.3175], [21.302814, -0.295486], [21.204112, -0.300498], [21.127321, -0.284892], [21.072234, -0.248512], [21.029394, -0.261069], [21.008775, -0.249132], [20.977769, -0.204742], [20.936014, -0.191151], [20.876535, -0.197042], [20.821448, -0.222467], [20.796023, -0.269027], [20.7537, -0.281585]]}}, {"type": "Feature", "id": "http://www.semwebtech.org/mondial/rivers/Kagera_geom", "name": "Kagera Geometry (Kagera_geom)", "dateprops": [], "properties": {"http://www.w3.org/2000/01/rdf-schema#label": "Kagera Geometry", "http://rdfs.org/ns/void#inDataset.value": "64863"}, "geometry": {"type": "LineString", "coordinates": [[29.59347, -2.984365], [29.826635, -3.047101], [29.9011, -3.090819], [29.894589, -3.136604], [29.908697, -3.159652], [29.94332, -3.160169], [29.975773, -3.184146], [30.021145, -3.255563], [29.990449, -3.314681], [29.990294, -3.344653], [30.010448, -3.365014], [30.104964, -3.315405], [30.273739, -3.195619], [30.390631, -3.087667], [30.455433, -2.991497], [30.469748, -2.92039], [30.433471, -2.874501], [30.424014, -2.824065], [30.441274, -2.769081], [30.530364, -2.679164], [30.691181, -2.554314], [30.774225, -2.462588], [30.779496, -2.404091], [30.797635, -2.362698], [30.828744, -2.338513], [30.854996, -2.265391], [30.876596, -2.143383], [30.864607, -2.044061], [30.819132, -1.967476], [30.80673, -1.850688], [30.827504, -1.693695], [30.812621, -1.563057], [30.762185, -1.458722], [30.710715, -1.396814], [30.63196, -1.367461], [30.508092, -1.208246], [30.470213, -1.131145], [30.477034, -1.082983], [30.519874, -1.062519], [30.598732, -1.069702], [30.672784, -1.051357], [30.742031, -1.007535], [30.80921, -0.994926], [30.874323, -1.013323], [30.941812, -1.062622], [31.011782, -1.142824], [31.12454, -1.199978], [31.280293, -1.234291], [31.40938, -1.238632], [31.511803, -1.213104], [31.573401, -1.1575], [31.593969, -1.071717], [31.645128, -1.005571], [31.767601, -0.935705]]}}, {"type": "Feature", "id": "http://www.semwebtech.org/mondial/rivers/Barito_geom", "name": "Barito Geometry (Barito_geom)", "dateprops": [], "properties": {"http://www.w3.org/2000/01/rdf-schema#label": "Barito Geometry", "http://rdfs.org/ns/void#inDataset.value": "64863"}, "geometry": {"type": "LineString", "coordinates": [[114.837673, 0.564772], [114.871469, 0.458422], [114.852556, 0.416357], [114.792094, 0.403335], [114.73618, 0.354862], [114.658873, 0.228979], [114.659338, 0.183245], [114.637168, 0.159319], [114.592417, 0.142059], [114.52162, 0.144643], [114.424778, 0.16707], [114.349331, 0.174098], [114.295484, 0.16552], [114.25869, 0.142886], [114.239157, 0.106195], [114.218589, 0.094], [114.191614, 0.04067], [114.220863, -0.003772], [114.275743, -0.044803], [114.24851, -0.109554], [114.139111, -0.198179], [114.07865, -0.287269], [114.067384, -0.376824], [114.139989, -0.502553], [114.296517, -0.6643], [114.427465, -0.736854], [114.532782, -0.720111], [114.585957, -0.688175], [114.587094, -0.641046], [114.638615, -0.617998], [114.740676, -0.619032], [114.823565, -0.662078], [114.887282, -0.747138], [114.922732, -0.824549], [114.92976, -0.894364], [114.904232, -0.944593], [114.846251, -0.975341], [114.836123, -1.025157], [114.87395, -1.094041], [114.863925, -1.162771], [114.80615, -1.231242], [114.806512, -1.28049], [114.865113, -1.310462], [114.886145, -1.3856], [114.861237, -1.566054], [114.796435, -1.770899], [114.791268, -1.84335], [114.824134, -1.851825], [114.852866, -1.891305], [114.877464, -1.961999], [114.875914, -2.036981], [114.848112, -2.116356], [114.852659, -2.221725], [114.889349, -2.353086], [114.864958, -2.505118], [114.779382, -2.677821], [114.75158, -2.803084], [114.781656, -2.880909], [114.786513, -2.945815], [114.766359, -2.997698], [114.716027, -3.052061], [114.635515, -3.108906], [114.584045, -3.189934], [114.525547, -3.376693]]}}, {"type": "Feature", "id": "http://www.semwebtech.org/mondial/rivers/Uruguay_geom", "name": "Uruguay Geometry (Uruguay_geom)", "dateprops": [], "properties": {"http://www.w3.org/2000/01/rdf-schema#label": "Uruguay Geometry", "http://rdfs.org/ns/void#inDataset.value": "64863"}, "geometry": {"type": "LineString", "coordinates": [[-49.736726, -28.511386], [-49.839149, -28.465291], [-49.938471, -28.448082], [-50.068799, -28.444362], [-50.140965, -28.452888], [-50.154918, -28.473714], [-50.233026, -28.468598], [-50.446476, -28.422037], [-50.577527, -28.386174], [-50.736071, -28.235951], [-50.965798, -27.959378], [-51.117236, -27.807811], [-51.19041, -27.781146], [-51.286812, -27.716292], [-51.406495, -27.613198], [-51.487575, -27.564054], [-51.530131, -27.568911], [-51.582479, -27.547517], [-51.644672, -27.499872], [-51.701671, -27.488038], [-51.753502, -27.511964], [-51.799908, -27.511964], [-51.873366, -27.50938], [-51.912976, -27.472535], [-51.984134, -27.376623], [-52.059608, -27.313526], [-52.139318, -27.283296], [-52.192364, -27.280867], [-52.228564, -27.292649], [-52.264789, -27.277146], [-52.304295, -27.283141], [-52.348065, -27.276319], [-52.414702, -27.236218], [-52.51082, -27.230534], [-52.636497, -27.259473], [-52.741659, -27.245727], [-52.826382, -27.189503], [-52.900125, -27.176584], [-52.952886, -27.178806], [-52.994279, -27.163303], [-53.030504, -27.137413], [-53.07076, -27.141857], [-53.103652, -27.154415], [-53.13409, -27.140462], [-53.184397, -27.149505], [-53.227107, -27.173638], [-53.263332, -27.163303], [-53.284933, -27.129041], [-53.304777, -27.097622], [-53.347591, -27.080569], [-53.398182, -27.082429], [-53.456525, -27.103255], [-53.489804, -27.133176], [-53.498021, -27.172243], [-53.540008, -27.197874], [-53.615714, -27.209967], [-53.659562, -27.200458], [-53.671525, -27.169452], [-53.718447, -27.157515], [-53.800406, -27.164646], [-53.851772, -27.15612], [-53.935333, -27.161184], [-54.040133, -27.243763], [-54.113823, -27.274666], [-54.156456, -27.253788], [-54.205239, -27.2896], [-54.260145, -27.382049], [-54.327014, -27.423494], [-54.448118, -27.446438], [-54.484343, -27.45729], [-54.554933, -27.454138], [-54.61542, -27.477186], [-54.665857, -27.526537], [-54.719729, -27.544933], [-54.77709, -27.532531], [-54.829077, -27.550618], [-54.875741, -27.599245], [-54.902767, -27.651904], [-54.910209, -27.708541], [-54.955891, -27.747143], [-55.039917, -27.767814], [-55.06901, -27.796288], [-55.063869, -27.835923], [-55.101515, -27.866774], [-55.243728, -27.898865], [-55.346513, -27.955916], [-55.409816, -28.037823], [-55.476686, -28.089345], [-55.58239, -28.120971], [-55.725508, -28.204118], [-55.745997, -28.255484], [-55.691531, -28.30282], [-55.671971, -28.344885], [-55.687267, -28.381678], [-55.731967, -28.386639], [-55.806045, -28.359767], [-55.858885, -28.354186], [-55.890511, -28.369999], [-55.905419, -28.399662], [-55.903662, -28.443276], [-55.930146, -28.472887], [-55.984923, -28.488597], [-56.019624, -28.524615], [-56.034223, -28.580839], [-56.102875, -28.651739], [-56.225555, -28.737212], [-56.322345, -28.85245], [-56.393245, -28.997248], [-56.476005, -29.092487], [-56.570676, -29.138066], [-56.63584, -29.203023], [-56.671522, -29.287359], [-56.772446, -29.417894], [-56.938612, -29.594834], [-57.089352, -29.71617], [-57.224641, -29.782109], [-57.300709, -29.856524], [-57.317504, -29.939413], [-57.405224, -30.033929], [-57.563871, -30.139969], [-57.645752, -30.226992], [-57.650894, -30.294998], [-57.712725, -30.38445], [-57.831219, -30.495244], [-57.872509, -30.591052], [-57.818558, -30.711975], [-57.8106, -30.858633], [-57.834087, -30.917441], [-57.886306, -30.937388], [-57.898295, -30.975215], [-57.87008, -31.031025], [-57.868426, -31.104406], [-57.893334, -31.195357], [-57.94837, -31.299433], [-58.033429, -31.416583], [-58.053841, -31.494873], [-58.009658, -31.534354], [-57.987979, -31.576212], [-57.988884, -31.620602], [-58.006996, -31.684939], [-58.042343, -31.769275], [-58.095854, -31.831803], [-58.167503, -31.87268], [-58.189027, -31.924253], [-58.160398, -31.986574], [-58.156367, -32.051532], [-58.176986, -32.119021], [-58.16479, -32.184857], [-58.119754, -32.248936], [-58.123036, -32.321903], [-58.201145, -32.471661]]}}, {"type": "Feature", "id": "http://www.semwebtech.org/mondial/rivers/White+Nile_geom", "name": "White+Nile Geometry (White+Nile_geom)", "dateprops": [], "properties": {"http://www.w3.org/2000/01/rdf-schema#label": "White+Nile Geometry", "http://rdfs.org/ns/void#inDataset.value": "64863"}, "geometry": {"type": "LineString", "coordinates": [[31.124747, 9.432525], [31.345922, 9.365501], [31.452582, 9.353977], [31.518418, 9.375655], [31.580843, 9.444876], [31.639651, 9.561665], [31.745794, 9.65693], [31.899066, 9.730647], [32.036422, 9.834284], [32.157758, 9.967764], [32.23455, 10.072254], [32.266796, 10.147701], [32.270103, 10.246481], [32.244368, 10.368566], [32.200857, 10.435074], [32.139362, 10.445978], [32.107736, 10.471041], [32.105875, 10.510289], [32.240441, 10.655939], [32.511329, 10.908017], [32.645326, 11.102785], [32.642328, 11.240348], [32.672766, 11.413929], [32.736638, 11.62358], [32.763716, 11.795146], [32.749144, 11.99534], [32.729506, 12.190006], [32.743149, 12.332891], [32.783457, 12.488954], [32.790795, 12.651941], [32.76506, 12.821853], [32.766713, 12.939314], [32.795652, 13.004297], [32.751727, 13.116848], [32.634939, 13.276994], [32.585536, 13.424401], [32.603623, 13.559069], [32.586828, 13.638238], [32.535255, 13.661854], [32.500011, 13.703789], [32.481098, 13.763992], [32.438775, 13.82466], [32.373042, 13.885819], [32.295011, 14.032141], [32.204577, 14.263652], [32.171711, 14.465216], [32.196206, 14.636859], [32.262248, 14.782561], [32.369838, 14.902347], [32.440222, 15.130317], [32.490141, 15.63455]]}}, {"type": "Feature", "id": "http://www.semwebtech.org/mondial/rivers/Kapuas_geom", "name": "Kapuas Geometry (Kapuas_geom)", "dateprops": [], "properties": {"http://www.w3.org/2000/01/rdf-schema#label": "Kapuas Geometry", "http://rdfs.org/ns/void#inDataset.value": "64863"}, "geometry": {"type": "LineString", "coordinates": [[113.465044, 1.201374], [113.233326, 0.964644], [112.953809, 0.854729], [112.793767, 0.823464], [112.660131, 0.834316], [112.53585, 0.802329], [112.421025, 0.727553], [112.251836, 0.672001], [112.028284, 0.63562], [111.949581, 0.598672], [111.945446, 0.546479], [111.916611, 0.502554], [111.839716, 0.462143], [111.820596, 0.43], [111.826849, 0.408089], [111.802199, 0.374551], [111.735743, 0.330058], [111.680501, 0.321479], [111.64531, 0.310937], [111.631822, 0.272438], [111.618283, 0.242259], [111.579526, 0.241949], [111.555548, 0.22071], [111.54175, 0.157562], [111.500822, 0.103612], [111.464959, 0.098237], [111.403877, 0.105885], [111.367497, 0.089349], [111.329153, 0.098237], [111.304039, 0.102061], [111.281714, 0.081597], [111.262594, 0.088315], [111.231898, 0.105885], [111.206422, 0.088832], [111.156141, 0.078704], [111.077282, 0.091933], [111.024056, 0.081701], [110.996564, 0.047904], [110.932795, 0.023306], [110.832646, 0.007958], [110.772495, 0.029042], [110.732497, 0.046354], [110.696117, 0.033125], [110.653122, 0.043047], [110.613435, 0.059583], [110.580362, 0.059583], [110.567856, 0.034313], [110.543982, 0.019896], [110.516955, 0.02279], [110.485484, -0.001602], [110.46502, -0.03793], [110.418304, -0.066094], [110.335312, -0.080822], [110.176872, -0.056172], [110.097756, -0.070073], [110.006547, -0.094619], [109.94717, -0.185156], [109.810176, -0.268976], [109.595719, -0.346128], [109.521925, -0.352485], [109.452575, -0.337292], [109.403173, -0.303805], [109.335683, -0.26696], [109.218584, -0.230632], [109.149648, -0.18557]]}}, {"type": "Feature", "id": "http://www.semwebtech.org/mondial/rivers/Juruena_geom", "name": "Juruena Geometry (Juruena_geom)", "dateprops": [], "properties": {"http://www.w3.org/2000/01/rdf-schema#label": "Juruena Geometry", "http://rdfs.org/ns/void#inDataset.value": "64863"}, "geometry": {"type": "LineString", "coordinates": [[-59.07011, -14.531619], [-59.036313, -14.372921], [-59.038019, -14.249414], [-59.076931, -14.037592], [-59.041481, -13.979146], [-59.026185, -13.82112], [-59.019234, -13.544031], [-58.997298, -13.366677], [-58.960349, -13.289111], [-58.932806, -12.998379], [-58.914615, -12.494483], [-58.862887, -12.18091], [-58.777518, -12.057713], [-58.731371, -11.920254], [-58.724446, -11.768532], [-58.69866, -11.657118], [-58.654115, -11.586011], [-58.628406, -11.502502], [-58.621584, -11.40659], [-58.632746, -11.364009], [-58.669359, -11.330264], [-58.679591, -11.234404], [-58.659127, -10.975092]]}}, {"type": "Feature", "id": "http://www.semwebtech.org/mondial/rivers/Pilcomayo_geom", "name": "Pilcomayo Geometry (Pilcomayo_geom)", "dateprops": [], "properties": {"http://www.w3.org/2000/01/rdf-schema#label": "Pilcomayo Geometry", "http://rdfs.org/ns/void#inDataset.value": "64863"}, "geometry": {"type": "LineString", "coordinates": [[-66.444414, -19.369928], [-66.386717, -19.307503], [-66.373101, -19.267816], [-66.384289, -19.230195], [-66.358838, -19.196089], [-66.296723, -19.165497], [-66.206832, -19.206011], [-66.089216, -19.317735], [-65.979662, -19.365639], [-65.827449, -19.341972], [-65.778021, -19.249574], [-65.701695, -19.185754], [-65.581909, -19.119608], [-65.464758, -19.142552], [-65.350217, -19.254432], [-65.252368, -19.327605], [-65.171236, -19.362074], [-65.078012, -19.377163], [-64.972747, -19.372822], [-64.83968, -19.545008], [-64.678863, -19.893566], [-64.589515, -20.157167], [-64.571738, -20.335761], [-64.498848, -20.440612], [-64.37082, -20.47167], [-64.274082, -20.586392], [-64.208556, -20.784622], [-64.131997, -20.898931], [-64.044354, -20.929213], [-63.974513, -21.001974], [-63.922449, -21.117264], [-63.842919, -21.175916], [-63.735923, -21.177983], [-63.552472, -21.241752], [-63.292643, -21.367223], [-63.122162, -21.466235], [-63.041134, -21.538685], [-62.977391, -21.632736], [-62.907731, -21.806111], [-62.815101, -22.049558], [-62.744563, -22.159836], [-62.665265, -22.218023], [-62.625707, -22.261535], [-62.625965, -22.290474], [-62.541552, -22.349643], [-62.372492, -22.439147], [-62.214181, -22.612418], [-62.066594, -22.869456], [-61.928023, -23.059316], [-61.798522, -23.181996], [-61.679511, -23.268709], [-61.571017, -23.319403], [-61.513036, -23.360486], [-61.505517, -23.392009], [-61.403973, -23.457483], [-61.208377, -23.557063], [-61.084716, -23.656489], [-61.032936, -23.755707], [-60.839821, -23.85813], [-60.505345, -23.963602], [-60.262182, -24.013986], [-60.110305, -24.009232], [-59.892463, -24.093568], [-59.608578, -24.266839], [-59.435411, -24.386987], [-59.372934, -24.453959], [-59.18726, -24.562273], [-58.724007, -24.786652], [-58.519652, -24.842876], [-58.422811, -24.894139], [-58.365398, -24.959251], [-58.308709, -24.979147], [-58.252795, -24.953774], [-58.136472, -24.977131], [-57.959816, -25.049168], [-57.821659, -25.136398], [-57.643892, -25.328428]]}}, {"type": "Feature", "id": "http://www.semwebtech.org/mondial/rivers/Rhein_geom", "name": "Rhein Geometry (Rhein_geom)", "dateprops": [], "properties": {"http://www.w3.org/2000/01/rdf-schema#label": "Rhein Geometry", "http://rdfs.org/ns/void#inDataset.value": "64863"}, "geometry": {"type": "LineString", "coordinates": [[8.881143, 47.656394], [8.700172, 47.686289], [8.619764, 47.662362], [8.579663, 47.594666], [8.482304, 47.576166], [8.327792, 47.606914], [8.198291, 47.606914], [8.093801, 47.576166], [7.927093, 47.563841], [7.698063, 47.569887], [7.565461, 47.606552], [7.529391, 47.673886], [7.538589, 47.773622], [7.593263, 47.905655], [7.608456, 48.002574], [7.584168, 48.064302], [7.616621, 48.156802], [7.705711, 48.280051], [7.765139, 48.410017], [7.794801, 48.54683], [7.837951, 48.63605], [7.922752, 48.698527], [8.23002, 48.965435]]}}, {"type": "Feature", "id": "http://www.semwebtech.org/mondial/rivers/Kama_geom", "name": "Kama Geometry (Kama_geom)", "dateprops": [], "properties": {"http://www.w3.org/2000/01/rdf-schema#label": "Kama Geometry", "http://rdfs.org/ns/void#inDataset.value": "64863"}, "geometry": {"type": "LineString", "coordinates": [[53.693848, 58.206317], [53.677148, 58.273456], [53.625879, 58.35705], [53.552344, 58.394477], [53.464746, 58.418769], [53.428955, 58.434882], [53.438867, 58.484565], [53.471436, 58.511005], [53.491797, 58.586737], [53.381104, 58.671942], [53.299561, 58.779975], [53.247168, 58.825214], [53.201172, 58.930365], [53.238672, 59.011298], [53.218652, 59.099482], [53.149902, 59.127997], [53.063086, 59.178241], [53.003174, 59.209247], [52.964258, 59.281855], [52.912012, 59.339667], [52.866211, 59.40246], [52.814551, 59.493769], [52.688965, 59.581562], [52.614746, 59.607733], [52.608643, 59.679755], [52.639063, 59.71015], [52.687402, 59.733759], [52.76709, 59.723651], [52.803223, 59.758173], [52.86582, 59.798358], [52.919922, 59.896308], [52.975, 59.956171], [53.035059, 59.973163], [53.126074, 59.989618], [53.220703, 60.014911], [53.322266, 60.052021], [53.400879, 60.055854], [53.450879, 60.07392], [53.492285, 60.124457], [53.526465, 60.138935], [53.594922, 60.137567], [53.732031, 60.18371], [53.825276, 60.209904], [53.896582, 60.258857], [53.946777, 60.292353], [53.986328, 60.322699], [54.038281, 60.337226], [54.105078, 60.335761], [54.154688, 60.357196], [54.266504, 60.361274], [54.313379, 60.336982], [54.391211, 60.276972], [54.520508, 60.238959], [54.849219, 60.245185], [55.035059, 60.225898], [55.146212, 60.20318], [55.25, 60.220966], [55.358301, 60.251288], [55.571191, 60.31081], [55.664258, 60.416523], [55.71543, 60.485419], [55.872656, 60.500116], [55.979395, 60.458686], [56.109619, 60.423847], [56.137207, 60.392279], [56.135254, 60.384711], [56.164551, 60.33393], [56.156152, 60.287299], [56.150098, 60.23371], [56.152246, 60.204657], [56.168213, 60.154853], [56.235742, 60.158515], [56.276855, 60.140497], [56.28125, 60.107367], [56.29873, 60.052436], [56.294336, 60.000507], [56.311035, 59.945258], [56.341406, 59.929511], [56.36377, 59.923041], [56.384668, 59.916571], [56.433838, 59.882685], [56.470898, 59.850458], [56.549561, 59.811469], [56.590918, 59.76557], [56.623242, 59.69123], [56.66084, 59.62453], [56.683496, 59.562079], [56.685791, 59.451923], [56.67832, 59.388788], [56.612305, 59.349066], [56.575293, 59.332782], [56.427002, 59.304267], [56.341553, 59.279364], [56.240137, 59.249579], [56.209082, 59.197455], [56.179297, 59.098163], [56.223527, 58.996622], [56.251855, 58.884833], [56.267822, 58.809516], [56.144531, 58.69599], [56.08877, 58.654853], [56.094824, 58.571845], [56.176855, 58.554462], [56.251221, 58.522162], [56.392822, 58.442694], [56.340723, 58.26142], [56.334473, 58.146015], [56.333252, 58.136054], [56.331348, 58.109735], [56.328223, 58.096381], [56.322021, 58.077753], [56.308496, 58.058539], [56.200781, 58.027899], [56.065888, 58.030233], [55.890869, 57.949286], [55.832031, 57.945575], [55.794461, 58.022366], [55.725586, 58.075507], [55.660645, 58.069037], [55.63252, 58.015082], [55.474854, 57.895819], [55.299219, 57.876654], [55.246582, 57.87414], [55.212305, 57.832465], [55.266992, 57.795966], [55.34668, 57.763251], [55.399805, 57.680487], [55.449316, 57.589911], [55.525098, 57.57746], [55.543701, 57.531562], [55.455566, 57.330439], [55.35498, 57.313056], [55.248242, 57.305609], [55.136475, 57.34162], [55.080664, 57.340839], [55.042578, 57.305439], [55.015723, 57.236591], [54.978516, 57.114447], [54.922266, 57.090839], [54.849854, 57.085565], [54.781494, 57.055365], [54.670313, 57.041938], [54.539438, 57.055183], [54.45332, 57.041938], [54.379004, 56.997748], [54.313477, 56.984076], [54.22168, 56.97912], [54.166992, 56.941913], [54.149658, 56.869892], [54.135937, 56.820258], [54.088379, 56.771186], [54.045654, 56.753046], [53.99585, 56.736151], [53.949463, 56.739814], [53.916992, 56.777411], [53.910156, 56.812201], [53.884521, 56.827899], [53.830957, 56.839057], [53.797461, 56.833686], [53.74585, 56.805365], [53.742578, 56.793647], [53.750488, 56.777118], [53.751953, 56.758734], [53.746973, 56.714716], [53.756592, 56.6737], [53.773926, 56.660907], [53.780518, 56.653876], [53.79248, 56.612665], [53.800098, 56.528144], [53.813965, 56.490058], [53.841797, 56.458075], [53.853516, 56.419379], [53.86582, 56.400653], [53.899902, 56.393183], [53.974512, 56.360297], [54.03457, 56.343085], [54.102051, 56.277777], [54.156641, 56.240107], [54.18457, 56.188349], [54.117188, 56.158271], [54.098633, 56.143671], [54.08291, 56.123114], [54.046777, 56.058051], [54.005859, 56.028925], [53.948828, 56.022284], [53.887939, 56.031806], [53.834473, 56.051215], [53.773682, 56.051215], [53.739355, 56.033564], [53.663477, 55.992621], [53.643311, 55.982294], [53.564941, 55.96955], [53.543457, 55.958686], [53.539551, 55.951044], [53.538574, 55.939716], [53.539648, 55.917743], [53.538574, 55.914252], [53.535645, 55.910761], [53.525781, 55.904071], [53.499268, 55.89289], [53.285742, 55.851996], [53.063477, 55.869818], [52.992187, 55.900336], [52.916602, 55.925849], [52.841797, 55.929877], [52.760254, 55.954169], [52.708496, 55.965155], [52.608643, 55.92829], [52.529541, 55.862812], [52.468262, 55.852362], [52.376709, 55.869818], [52.331527, 55.871444], [52.306396, 55.841986], [52.31582, 55.803241], [52.343514, 55.753289], [52.351758, 55.729315], [52.334952, 55.705342], [52.276563, 55.695746], [52.094141, 55.694892], [52.023193, 55.722113], [51.935653, 55.701066]]}}, {"type": "Feature", "id": "http://www.semwebtech.org/mondial/rivers/Seine_geom", "name": "Seine Geometry (Seine_geom)", "dateprops": [], "properties": {"http://www.w3.org/2000/01/rdf-schema#label": "Seine Geometry", "http://rdfs.org/ns/void#inDataset.value": "64863"}, "geometry": {"type": "LineString", "coordinates": [[4.707651, 47.577871], [4.584248, 47.739644], [4.553552, 47.812482], [4.574326, 47.850361], [4.565024, 47.89147], [4.505906, 47.958055], [4.408393, 48.08182], [4.321835, 48.145279], [4.213624, 48.189669], [4.096112, 48.283746], [3.969195, 48.427432], [3.858297, 48.516625], [3.763419, 48.551326], [3.561209, 48.525721], [3.251668, 48.439834], [3.038399, 48.393067], [2.921507, 48.385419], [2.818929, 48.409294], [2.686689, 48.492441], [2.573053, 48.53342], [2.49931, 48.581531], [2.427687, 48.650416], [2.404639, 48.699405], [2.430271, 48.728395], [2.430064, 48.765654], [2.403916, 48.811129], [2.352033, 48.833867], [2.296325, 48.852057], [2.269867, 48.875208], [2.250023, 48.908281], [2.21695, 48.911588], [2.173335, 48.904147], [2.14419, 48.928125], [2.137575, 48.947969], [2.111117, 48.957891], [2.061611, 48.954273], [2.008281, 48.960604], [1.975931, 48.996079], [1.907615, 49.00595], [1.803332, 48.990137], [1.718169, 48.991739], [1.674554, 49.017422], [1.66794, 49.047187], [1.634867, 49.060417], [1.585051, 49.052045], [1.496891, 49.084188], [1.396535, 49.159739], [1.353696, 49.211493], [1.31406, 49.219167], [1.27861, 49.212449], [1.244297, 49.220743], [1.238095, 49.244152], [1.22807, 49.282005], [1.188796, 49.306577], [1.092471, 49.311771], [1.056091, 49.328307], [1.042862, 49.354766], [1.023018, 49.381224], [0.972168, 49.378123], [0.929794, 49.389673], [0.897341, 49.424219], [0.853416, 49.414762], [0.828095, 49.426337], [0.784893, 49.470521], [0.718747, 49.480443], [0.651775, 49.460444], [0.585112, 49.453312], [0.493128, 49.49362], [0.439255, 49.473208]]}}, {"type": "Feature", "id": "http://www.semwebtech.org/mondial/rivers/Helmand_geom", "name": "Helmand Geometry (Helmand_geom)", "dateprops": [], "properties": {"http://www.w3.org/2000/01/rdf-schema#label": "Helmand Geometry", "http://rdfs.org/ns/void#inDataset.value": "64863"}, "geometry": {"type": "LineString", "coordinates": [[61.604126, 31.204426], [61.754091, 31.013559], [61.816723, 30.801789], [61.841941, 30.505528], [62.030664, 30.31014], [62.382787, 30.215727], [62.684836, 30.191801], [62.936707, 30.238361], [63.194107, 30.342179], [63.456933, 30.503203], [63.663019, 30.570021], [63.812157, 30.542632], [63.907552, 30.538291], [63.948996, 30.556998], [64.001603, 30.617408], [64.065372, 30.719469], [64.120252, 30.871863], [64.166451, 31.074538], [64.235697, 31.239179], [64.328198, 31.365786], [64.370986, 31.487613], [64.365818, 31.577685], [64.39052, 31.657448], [64.454598, 31.727676], [64.640324, 31.846894], [64.801244, 31.999287], [64.932192, 32.181499], [65.063554, 32.288986], [65.195432, 32.321748], [65.332478, 32.486079], [65.474588, 32.781979], [65.61985, 32.963725], [65.842317, 33.065088], [65.936575, 33.120692], [66.01657, 33.201643], [66.113619, 33.326493], [66.1932, 33.393311], [66.255109, 33.402199], [66.309317, 33.440853], [66.355723, 33.509273], [66.452151, 33.584824], [66.598602, 33.667506], [66.727793, 33.716289], [66.839724, 33.731223], [66.959148, 33.791736], [67.086066, 33.89788], [67.171745, 33.951804], [67.216084, 33.953483], [67.232723, 33.988598], [67.221665, 34.057069], [67.228589, 34.109288], [67.26621, 34.157037], [67.497617, 34.305555], [67.733985, 34.394516], [68.211785, 34.512958], [68.306818, 34.492753], [68.37622, 34.507403], [68.489288, 34.571637]]}}, {"type": "Feature", "id": "http://www.semwebtech.org/mondial/rivers/Brahmaputra_geom", "name": "Brahmaputra Geometry (Brahmaputra_geom)", "dateprops": [], "properties": {"http://www.w3.org/2000/01/rdf-schema#label": "Brahmaputra Geometry", "http://rdfs.org/ns/void#inDataset.value": "64863"}, "geometry": {"type": "LineString", "coordinates": [[87.66021, 29.151528], [87.747234, 29.288187], [87.823301, 29.349062], [87.917249, 29.379706], [88.015434, 29.380533], [88.11765, 29.351594], [88.181936, 29.34733], [88.208187, 29.367743], [88.25666, 29.36627], [88.32725, 29.342964], [88.429672, 29.336142], [88.630797, 29.350664], [89.403618, 29.366011], [89.698794, 29.359035], [89.77388, 29.334851], [89.862143, 29.33392], [89.963326, 29.356348], [90.081975, 29.359707], [90.217987, 29.344101], [90.32134, 29.315472], [90.392033, 29.273924], [90.505618, 29.278497], [90.662094, 29.329244], [90.74643, 29.339863], [90.758626, 29.310408], [90.785911, 29.307875], [90.828389, 29.332267], [90.896705, 29.337434], [91.037989, 29.316505], [92.076168, 29.281159], [92.46524, 29.231343], [92.551281, 29.155275], [92.694528, 29.101325], [92.89493, 29.069492], [93.02288, 29.072541], [93.078381, 29.110472], [93.116932, 29.106518], [93.138326, 29.06063], [93.182664, 29.029288], [93.24974, 29.012545], [93.33113, 29.049597], [93.426732, 29.140444], [93.568119, 29.178323], [93.755291, 29.163233], [93.931559, 29.171062], [94.096923, 29.201784], [94.223737, 29.240231], [94.356029, 29.309529]]}}, {"type": "Feature", "id": "http://www.semwebtech.org/mondial/rivers/Amazonas_geom", "name": "Amazonas Geometry (Amazonas_geom)", "dateprops": [], "properties": {"http://www.w3.org/2000/01/rdf-schema#label": "Amazonas Geometry", "http://rdfs.org/ns/void#inDataset.value": "64863"}, "geometry": {"type": "LineString", "coordinates": [[-52.66417, -1.551791], [-52.873615, -1.611116], [-52.999989, -1.668063], [-53.14489, -1.763871], [-53.357849, -1.838389], [-53.638865, -1.891512], [-53.843297, -1.958123], [-53.971067, -2.038273], [-54.04468, -2.141213], [-54.064162, -2.267045], [-54.186687, -2.35753], [-54.467652, -2.440212], [-54.525116, -2.440316], [-54.564132, -2.440523], [-54.639011, -2.419335], [-54.676192, -2.359287], [-54.674564, -2.253351], [-54.693814, -2.184104], [-54.733915, -2.151651], [-54.793523, -2.119819], [-54.872588, -2.088606], [-54.95664, -2.104212], [-55.045627, -2.166741], [-55.149729, -2.18028], [-55.268998, -2.14483], [-55.375167, -2.082715], [-55.458082, -1.986803], [-55.514849, -1.949493], [-55.554821, -1.923965], [-55.605851, -1.918384], [-55.669361, -1.926549], [-55.735714, -1.963549], [-55.839713, -1.989956], [-55.981332, -2.005665], [-56.129462, -2.079511], [-56.284078, -2.211596], [-56.400867, -2.336291], [-56.479725, -2.453597], [-56.548507, -2.526926], [-56.607185, -2.556381], [-56.676251, -2.574675], [-56.755781, -2.582013], [-56.847351, -2.56651], [-56.951014, -2.528166], [-57.049665, -2.523153], [-57.143277, -2.55142], [-57.244381, -2.526409], [-57.353005, -2.448274], [-57.440028, -2.404659], [-57.505502, -2.395667], [-57.605393, -2.481347], [-57.739752, -2.661801], [-57.882844, -2.783964], [-58.034669, -2.847629], [-58.134973, -2.95863], [-58.183652, -3.116864], [-58.234993, -3.199959], [-58.268066, -3.214274], [-58.315918, -3.211845], [-58.380152, -3.202233], [-58.452576, -3.181511], [-58.549315, -3.20523], [-58.642255, -3.303984], [-58.689048, -3.342328], [-58.805113, -3.347082], [-58.88994, -3.322639], [-58.982208, -3.270549], [-59.091349, -3.238923], [-59.217336, -3.227761], [-59.38146, -3.18425], [-59.583644, -3.108595], [-59.735444, -3.0779], [-59.836833, -3.092162], [-59.896829, -3.127612], [-59.90564, -3.171382], [-59.924502, -3.205954], [-59.957498, -3.237373], [-60.105034, -3.305638], [-60.203116, -3.325223], [-60.279028, -3.302072], [-60.410596, -3.29985], [-60.597769, -3.318557], [-60.746984, -3.398087], [-60.858192, -3.538337], [-61.035933, -3.610374], [-61.280156, -3.614094], [-61.467535, -3.676003], [-61.598069, -3.796305], [-61.717028, -3.883018], [-61.824412, -3.936142], [-61.892651, -3.946787], [-62.011222, -3.895731], [-62.277408, -3.761786], [-62.367376, -3.718067], [-62.39337, -3.716362], [-62.423497, -3.730521], [-62.449438, -3.801938], [-62.543128, -3.851082], [-62.704565, -3.878058], [-62.862902, -3.938312], [-63.018138, -4.03195], [-63.096789, -4.078459], [-63.152238, -4.071534], [-63.177275, -4.035154], [-63.216343, -3.974486], [-63.282928, -3.922913], [-63.449584, -3.870926], [-63.57322, -3.853873], [-63.653809, -3.871856], [-63.747447, -3.868394], [-63.854211, -3.843434], [-64.035492, -3.764576], [-64.29129, -3.631871], [-64.458308, -3.523661], [-64.575614, -3.39819], [-64.790277, -3.222387], [-64.905051, -3.128439], [-65.069744, -2.970516], [-65.179504, -2.834504], [-65.287792, -2.746757], [-65.394633, -2.707276], [-65.458686, -2.663455], [-65.479977, -2.615499], [-65.558189, -2.594312], [-65.760968, -2.602993], [-65.900571, -2.493077], [-65.977337, -2.466154], [-66.037747, -2.485481], [-66.096244, -2.47742], [-66.152778, -2.441866], [-66.21032, -2.459953], [-66.268921, -2.53168], [-66.333956, -2.536744], [-66.405399, -2.475146], [-66.471002, -2.439076], [-66.53074, -2.428534], [-66.572546, -2.478143], [-66.596446, -2.587904], [-66.640991, -2.659166], [-66.706181, -2.691825], [-66.800697, -2.714511], [-66.92454, -2.727327], [-67.07696, -2.695442], [-67.257982, -2.618806], [-67.384021, -2.622837], [-67.455128, -2.70738], [-67.572407, -2.779158], [-67.735886, -2.838224], [-67.846318, -2.927831], [-67.932385, -3.108027], [-67.92652, -3.223265], [-67.945692, -3.283107], [-67.98786, -3.325947], [-68.094572, -3.333905], [-68.265828, -3.306878], [-68.595704, -3.345377], [-69.084176, -3.44935], [-69.35186, -3.552703], [-69.398782, -3.655435], [-69.416274, -3.764059], [-69.404389, -3.878523], [-69.424982, -3.973504], [-69.478002, -4.049055], [-69.480947, -4.111428], [-69.433741, -4.160624], [-69.458778, -4.223101], [-69.556033, -4.298807], [-69.685276, -4.334671], [-69.846506, -4.330536], [-69.948102, -4.285164], [-69.965931, -4.235969], [-70.017194, -4.161968], [-70.09476, -4.092153], [-70.16752, -4.050243], [-70.198397, -3.995156], [-70.240281, -3.882708], [-70.298443, -3.844261], [-70.339499, -3.814341], [-70.379187, -3.818733], [-70.421097, -3.849636], [-70.485847, -3.869376], [-70.529669, -3.866379], [-70.557367, -3.870048], [-70.900473, -3.960068], [-71.057931, -3.985389], [-71.13803, -3.963427], [-71.193272, -3.902759], [-71.283318, -3.868962], [-71.408168, -3.862245], [-71.521391, -3.826381], [-71.622987, -3.761476], [-71.688668, -3.649906], [-71.718433, -3.491673], [-71.751971, -3.39478], [-71.789385, -3.359226], [-71.913977, -3.383721], [-72.125773, -3.46847], [-72.292714, -3.503403], [-72.475855, -3.481028], [-72.746794, -3.45674], [-72.890507, -3.467023], [-72.997322, -3.503713], [-73.093698, -3.562263], [-73.17961, -3.642568], [-73.211366, -3.782973], [-73.18899, -3.983581], [-73.192245, -4.099233], [-73.221184, -4.130032], [-73.268468, -4.135923], [-73.333994, -4.116906], [-73.365671, -4.132512], [-73.363501, -4.182638], [-73.385412, -4.230853], [-73.431455, -4.277103], [-73.46303, -4.336324], [-73.488635, -4.444845]]}}, {"type": "Feature", "id": "http://www.semwebtech.org/mondial/rivers/Digul_geom", "name": "Digul Geometry (Digul_geom)", "dateprops": [], "properties": {"http://www.w3.org/2000/01/rdf-schema#label": "Digul Geometry", "http://rdfs.org/ns/void#inDataset.value": "64863"}, "geometry": {"type": "LineString", "coordinates": [[140.682814, -4.855724], [140.730666, -4.915204], [140.742448, -4.96657], [140.734335, -5.029822], [140.69687, -5.1093], [140.596824, -5.252961], [140.318908, -5.536044], [140.223049, -5.672987], [140.216537, -5.758356], [140.2385, -5.828223], [140.288936, -5.882586], [140.3094, -5.961341], [140.295241, -6.116319], [140.264028, -6.152647], [140.265578, -6.216313], [140.289453, -6.319459], [140.313689, -6.374649], [140.338184, -6.381987], [140.345987, -6.427101], [140.337202, -6.50999], [140.349087, -6.572983], [140.38185, -6.616185], [140.372445, -6.675303], [140.321079, -6.750492], [140.265372, -6.802323], [140.205427, -6.830746], [140.15406, -6.878856], [140.111169, -6.946501], [140.090498, -7.008926], [140.091945, -7.066132], [140.06156, -7.114087], [139.999238, -7.152896], [139.918416, -7.145817], [139.84979, -7.104527], [139.798423, -7.104527], [139.739719, -7.137549], [139.706749, -7.203591], [139.651714, -7.221884], [139.626031, -7.192584], [139.589392, -7.199922], [139.558438, -7.231135], [139.521231, -7.251753], [139.488881, -7.244209], [139.467849, -7.214856], [139.458031, -7.163748], [139.420669, -7.159563], [139.387647, -7.185246], [139.354523, -7.203849], [139.237217, -7.176771], [139.176859, -7.190414]]}}, {"type": "Feature", "id": "http://www.semwebtech.org/mondial/rivers/Jubba_geom", "name": "Jubba Geometry (Jubba_geom)", "dateprops": [], "properties": {"http://www.w3.org/2000/01/rdf-schema#label": "Jubba Geometry", "http://rdfs.org/ns/void#inDataset.value": "64863"}, "geometry": {"type": "LineString", "coordinates": [[41.965842, 4.323664], [42.029197, 4.290591], [42.055811, 4.254986], [42.066869, 4.205868], [42.121181, 4.172536], [42.21885, 4.155044], [42.341685, 4.078356], [42.489789, 3.94255], [42.542344, 3.794678], [42.499246, 3.634766], [42.497282, 3.521697], [42.536453, 3.4555], [42.533456, 3.398346], [42.488497, 3.350261], [42.472943, 3.28011], [42.486895, 3.187919], [42.515886, 3.130352], [42.559914, 3.107304], [42.575417, 3.070407], [42.562498, 3.019558], [42.501727, 2.941965], [42.393103, 2.837657], [42.345819, 2.749445], [42.359771, 2.677305], [42.345302, 2.613846], [42.302411, 2.559069], [42.294814, 2.502535], [42.322409, 2.444192], [42.315588, 2.387555], [42.27435, 2.332623], [42.228772, 2.319394], [42.179059, 2.347867], [42.144746, 2.345309], [42.125935, 2.31172], [42.144487, 2.280481], [42.200401, 2.251568], [42.20469, 2.220769], [42.157251, 2.188058], [42.177302, 2.134935], [42.264635, 2.061373], [42.297243, 1.99285], [42.275022, 1.929392], [42.305563, 1.835444], [42.388762, 1.710955], [42.425762, 1.616749], [42.416357, 1.552774], [42.423695, 1.512621], [42.424522, 1.46203], [42.462194, 1.375188], [42.561103, 1.218892], [42.605441, 1.070323], [42.595209, 0.929401], [42.625957, 0.8076], [42.69758, 0.704867], [42.737733, 0.580688], [42.7506, 0.362407], [42.729826, 0.134514], [42.684764, 0.014935], [42.608387, -0.07214], [42.585442, -0.147949], [42.634225, -0.250734]]}}, {"type": "Feature", "id": "http://www.semwebtech.org/mondial/rivers/Tobol_geom", "name": "Tobol Geometry (Tobol_geom)", "dateprops": [], "properties": {"http://www.w3.org/2000/01/rdf-schema#label": "Tobol Geometry", "http://rdfs.org/ns/void#inDataset.value": "64863"}, "geometry": {"type": "LineString", "coordinates": [[60.910319, 51.668836], [61.014808, 51.492361], [61.363108, 51.441873], [61.515863, 51.454431], [61.589347, 51.513135], [61.605677, 51.635712], [61.565059, 51.822057], [61.554724, 51.948974], [61.574878, 52.016412], [61.559581, 52.086072], [61.509042, 52.15785], [61.547024, 52.252677], [61.673631, 52.370499], [61.734816, 52.442303], [61.776984, 52.465816], [61.834552, 52.482998], [62.046735, 52.487029], [62.298244, 52.529094], [62.588976, 52.609115], [62.767466, 52.696164], [62.833715, 52.790266], [63.023678, 52.891268], [63.337354, 52.99922], [63.586693, 53.145568], [63.86404, 53.422708], [63.875667, 53.567067], [63.845643, 53.670885], [63.777741, 53.782196], [63.751592, 53.886685], [63.767095, 53.984457], [63.797791, 54.040939], [63.843783, 54.056081], [63.858459, 54.07949], [63.859338, 54.117834], [63.877166, 54.152509], [63.963982, 54.203462], [64.006564, 54.251728], [64.062943, 54.302913], [64.19942, 54.347432], [64.589991, 54.402209], [64.80946, 54.480396], [64.857933, 54.582095], [64.915656, 54.651548], [64.982525, 54.688807], [65.001128, 54.717797], [64.971466, 54.738623], [64.973947, 54.772936], [65.008673, 54.820788], [65.008105, 54.862905], [64.972241, 54.899207], [64.958237, 54.93582], [64.966092, 54.972666], [65.04433, 55.064184], [65.192848, 55.210274], [65.254705, 55.312128], [65.229797, 55.369747], [65.264058, 55.411295], [65.357386, 55.43672], [65.448181, 55.500566], [65.580421, 55.653968], [65.610704, 55.787603], [65.641348, 55.841424], [65.682379, 55.85995], [65.695401, 55.899379], [65.680415, 55.959634], [65.757775, 56.027304], [65.927583, 56.102416], [65.973007, 56.152077], [65.964894, 56.190937], [65.997295, 56.251089], [66.185035, 56.308088], [66.256452, 56.362141], [66.260225, 56.384336], [66.27826, 56.424799], [66.337481, 56.481462], [66.348591, 56.53133], [66.311488, 56.574377], [66.329109, 56.631841], [66.40156, 56.703826], [66.436183, 56.766044], [66.433186, 56.818496], [66.465432, 56.850587], [66.532921, 56.862318], [66.561808, 56.884306], [66.55199, 56.916604], [66.577105, 56.961226], [66.637153, 57.018174], [66.730635, 57.071013], [66.934137, 57.15801], [66.960389, 57.185864], [66.963489, 57.211495], [66.943542, 57.234905], [66.953361, 57.257797], [66.993151, 57.280173], [67.004314, 57.297381], [67.043123, 57.320042], [67.076454, 57.338826], [67.099553, 57.375155], [67.080226, 57.432309], [67.096814, 57.464348], [67.149318, 57.471299], [67.160066, 57.499798], [67.128957, 57.549769], [67.091337, 57.579793], [67.098623, 57.611574], [67.114901, 57.635345], [67.147561, 57.677513], [67.153038, 57.734874], [67.208177, 57.786086], [67.31308, 57.831147], [67.533997, 57.864375], [67.870824, 57.885821], [68.053449, 57.910264], [68.081871, 57.937756], [68.083317, 57.969614], [68.057996, 58.00584], [68.088537, 58.060074], [68.218296, 58.168388]]}}], "numberMatched": 44, "numberReturned": 44, "bbox": [-106.380762, -32.471661, 162.461123, 68.788515], "crs": "http://www.opengis.net/def/crs/EPSG/0/4326"}